"sleep","totwrk","educ","male","marr","age","earns74","black","union","case","clerical","construc","gdhlth","inlf","leis1","leis2","leis3","smsa","lhrwage","lothinc","prot","rlxall","selfe","slpnaps","south","spsepay","spwrk75","worknrm","workscnd","exper","yngkid","yrsmarr","hrwage","agesq"
2920,5020,14,1,0,31,9500,0,0,2,0,0,1,1,2140,2140,2140,0,0.357674,0,1,2920,1,2920,1,0,0,5020,0,11,0,0,1.429999,961
2670,2815,17,1,1,44,42500,0,0,3,0,0,1,1,4595,4505,4227,1,3.021887,0,0,3038,1,2760,0,20000,1,2815,0,21,0,0,20.53,1936
3083,3786,12,0,1,30,42500,0,0,4,0,0,1,1,3211,3211,3211,0,2.263844,0,1,3083,1,3083,0,5000,1,3786,0,12,0,12,9.619998,900
3448,2580,14,1,1,64,2500,0,0,5,0,0,1,1,4052,4007,4007,0,1.011601,9.328213,1,3493,0,3493,0,2400,1,2580,0,44,0,33,2.75,4096
4063,1205,12,1,1,41,0,0,0,6,0,0,1,1,4812,4797,4797,0,2.957511,10.65728,1,4078,0,4078,0,0,0,0,1205,23,0,23,19.25,1681
3180,2113,12,1,1,35,8250,0,0,7,0,0,1,1,4787,4157,4157,0,0.364643,8.987322,1,3810,0,3810,0,12000,1,2113,0,17,1,0,1.44,1225
2928,3608,13,1,1,47,0,0,0,8,0,0,1,1,3544,3469,3439,1,2.708717,10.65728,1,3033,1,3003,0,0,0,3608,0,28,0,24,15.01001,2209
3368,2353,17,1,1,32,18750,0,1,9,0,0,1,1,4359,4359,4121,0,1.465567,0,0,3606,0,3368,0,0,0,2353,0,9,0,11,4.329998,1024
3018,2851,15,1,1,30,11750,0,0,10,0,0,1,1,4211,4061,4061,1,1.085189,8.853808,0,3168,1,3168,0,6000,1,2851,0,9,0,7,2.959999,900
1575,6415,8,1,1,43,21250,0,0,11,0,0,1,1,2090,1677,1677,0,0.875469,0,1,1988,0,1988,0,0,0,6415,0,29,0,23,2.400001,1849
3295,370,16,0,1,23,1000,0,0,12,0,0,1,1,6415,6355,6230,1,0.207014,7.313887,0,3480,0,3355,0,3000,1,370,0,1,0,4,1.23,529
3798,2438,16,1,1,24,1000,0,0,13,0,0,1,1,3844,3844,3794,1,0.207014,7.313887,0,3848,0,3798,0,3000,1,2438,0,2,0,4,1.23,576
3008,2693,5,1,1,48,18750,0,0,14,0,0,1,1,4379,4379,4379,0,1.724551,8.517393,1,3008,0,3008,0,6000,1,2693,0,37,0,0,5.610002,2304
3248,2526,12,1,1,33,6750,0,0,15,0,0,1,1,4306,4306,3988,1,1.141033,8.853808,1,3566,0,3248,0,9000,1,2526,0,15,0,9,3.13,1089
3683,2950,12,1,1,23,4500,0,0,16,0,0,0,1,3447,3447,3447,0,0.837247,8.699681,1,3683,1,3683,0,5000,1,2950,0,5,0,4,2.309999,529
3201,3003,17,1,1,46,32500,0,0,17,0,0,1,1,3876,3876,3876,1,2.292535,9.210441,0,3201,0,3201,0,3000,1,3003,0,23,0,21,9.900003,2116
2580,4011,14,1,1,37,13750,0,0,18,0,0,1,1,3489,3489,3489,0,1.376244,0,1,2580,1,2580,0,1000,1,4011,0,17,1,17,3.96,1369
3420,2300,12,1,1,53,0,0,0,19,0,0,1,1,4360,4255,4205,1,1.193922,9.371694,1,3575,0,3525,0,0,0,2300,0,35,0,26,3.299999,2809
3090,1543,17,1,1,45,42500,0,0,20,0,0,1,1,5447,5447,5372,1,2.698,0,0,3165,0,3090,0,0,0,1543,0,22,0,22,14.85,2025
2760,3473,17,1,0,46,42500,0,0,21,0,0,1,1,3847,3847,3847,1,3.569814,0,0,2760,1,2760,0,0,0,3473,0,23,0,0,35.50999,2116
2880,3276,13,1,1,40,18750,0,0,22,0,0,1,1,3924,3774,3774,1,1.673351,9.076923,0,3030,1,3030,0,8300,1,3276,0,21,0,0,5.329999,1600
3470,2506,12,1,1,53,11750,0,0,23,0,0,1,1,4104,4014,4014,0,1.18479,8.853808,1,3560,0,3560,0,5200,1,2506,0,35,0,31,3.27,2809
2673,2651,13,1,0,29,16250,0,1,24,0,0,1,1,4756,4756,4756,1,1.621367,0,0,2673,0,2673,0,0,0,2651,0,10,0,0,5.060002,841
2820,4580,12,1,1,29,6750,0,0,25,0,0,1,1,2680,2650,2650,1,0.912283,8.853808,0,2850,0,2850,0,8400,1,4580,0,11,0,4,2.490001,841
2873,3588,12,1,1,53,13750,0,1,26,0,0,1,1,3619,3249,3249,0,1.671473,9.528867,1,3243,0,3243,0,12000,1,3588,0,35,0,0,5.319999,2809
1905,3418,13,1,1,28,0,0,0,27,0,0,1,1,4757,4757,4757,1,0.989541,9.371694,0,1905,1,1905,0,0,0,3418,0,9,0,4,2.69,784
2926,2250,12,0,0,35,6750,0,0,28,1,0,1,1,4904,4829,4829,1,0.989541,7.313887,1,3001,0,3001,0,0,0,2250,0,17,0,0,2.69,1225
2603,2638,12,1,1,36,0,0,0,29,0,0,1,1,4839,4839,4824,0,1.085189,9.159152,0,2618,0,2603,0,400,1,2638,0,18,1,6,2.959999,1296
3238,3173,12,1,1,59,9500,0,0,30,0,0,0,1,3669,3615,3615,0,1.241269,6.908755,1,3292,1,3292,0,0,0,3173,0,41,0,0,3.460001,3481
3888,3446,12,1,1,26,4500,0,0,31,0,0,1,1,2746,2701,2701,1,1.241269,8.229777,1,3933,0,3933,0,4000,1,3446,0,8,0,2,3.460001,676
2716,3588,16,1,1,24,0,0,0,32,0,1,1,1,3776,3776,3563,0,1.442202,10.65728,0,2929,1,2716,0,1300,1,3588,0,2,0,1,4.23,576
3245,2961,16,1,0,28,13750,1,0,33,0,0,1,1,3874,3844,3819,0,1.570697,8.922792,1,3300,0,3275,0,0,0,2961,0,6,0,0,4.809999,784
3158,2778,16,1,1,39,42500,0,0,34,0,0,1,1,4144,4144,4144,0,3.203965,0,1,3158,0,3158,0,4000,1,2778,0,17,0,0,24.62999,1521
3105,3080,17,1,1,33,42500,0,0,35,0,0,1,1,3895,3835,3745,1,2.957511,0,1,3255,1,3165,0,15000,1,3080,0,10,0,5,19.25,1089
3515,3556,17,1,0,28,16250,0,1,36,0,0,1,1,3009,2859,2859,1,1.348073,0,1,3665,0,3665,0,0,0,2493,1063,5,0,0,3.849999,784
3330,2788,12,1,1,33,18750,0,0,37,0,0,1,1,3962,3962,3962,0,2.04122,0,0,3330,0,3330,0,0,0,2788,0,15,0,11,7.699997,1089
4153,1100,12,1,1,47,3500,0,1,38,0,0,1,1,4827,3852,3852,1,1.684545,9.784197,1,5128,0,5128,0,1500,1,1100,0,29,0,22,5.389998,2209
2955,3116,16,1,1,31,0,0,0,39,0,0,1,1,4009,4009,4009,0,1.530395,9.964159,0,2955,0,2955,0,0,0,3116,0,9,1,7,4.620001,961
2200,2506,12,1,0,26,16250,0,0,40,1,0,0,1,5374,4736,4736,1,1.348073,0,1,2838,0,2838,0,0,0,2506,0,8,0,0,3.849999,676
2885,2763,15,1,1,31,32500,0,0,41,0,0,1,1,4432,4244,4244,1,1.684545,0,1,3073,0,3073,0,0,0,2763,0,10,0,13,5.389998,961
3345,3048,16,1,1,38,0,0,0,42,0,0,1,1,3687,3537,3426,0,2.04122,10.07538,1,3606,0,3495,0,4600,1,3048,0,16,0,15,7.699997,1444
2765,2511,17,0,0,44,6750,0,0,43,0,0,1,1,4804,4591,4591,0,0.770108,7.313887,0,2978,1,2978,0,0,0,2511,0,21,0,0,2.159999,1936
3928,3268,12,1,1,49,0,0,0,44,0,0,0,1,2884,2859,2671,0,1.805005,10.07538,1,4141,1,3953,1,0,0,3268,0,31,0,30,6.080001,2401
2833,3242,11,1,1,56,13750,0,1,45,0,0,1,1,4005,3432,3432,0,1.752672,8.922792,1,3406,0,3406,0,12000,1,3242,0,39,0,35,5.77,3136
3750,2550,12,1,1,41,1000,0,0,46,0,1,1,1,3780,3780,3780,0,1.752672,8.888895,1,3750,0,3750,0,0,0,2550,0,23,0,19,5.77,1681
3328,3188,12,1,1,36,16250,0,1,47,0,0,1,1,3564,3564,3564,0,1.752672,8.922792,1,3328,0,3328,1,6000,1,2363,825,18,0,15,5.77,1296
3795,1555,9,1,1,36,18750,0,1,48,0,0,1,1,4730,4677,4622,0,2.004179,8.517393,1,3903,0,3848,1,0,0,1555,0,21,0,18,7.42,1296
3363,2743,12,1,1,37,0,0,0,49,0,0,1,1,3974,3824,3824,0,1.465567,9.528867,1,3513,0,3513,1,0,0,2743,0,19,0,17,4.329998,1369
2280,5043,9,1,1,23,2500,0,0,50,0,0,0,1,2757,2757,2757,0,1.512927,0,1,2280,0,2280,0,900,1,5043,0,8,0,0,4.54,529
4151,3570,10,1,1,29,6750,0,0,51,0,0,1,1,2359,2334,2221,0,1.193922,8.229777,0,4289,0,4176,0,0,0,3570,0,13,0,5,3.299999,841
3266,2883,17,1,0,29,6750,0,0,52,0,0,1,1,3931,3931,3931,1,1.556037,0,0,3266,0,3266,0,0,0,2883,0,6,0,0,4.739999,841
3570,2398,16,1,1,26,6750,0,1,53,0,0,1,1,4112,4112,4112,0,1.22083,8.517393,1,3570,0,3570,0,8066,1,2398,0,4,0,2,3.39,676
2885,2663,16,1,1,29,0,0,0,54,0,0,1,1,4532,4532,4517,1,1.9947,10.22198,1,2900,0,2885,0,0,0,2663,0,7,1,10,7.349998,841
2879,2363,17,1,0,25,11750,0,0,55,0,0,1,1,4838,4838,4838,1,1.147403,7.601402,0,2879,0,2879,0,0,0,2363,0,2,0,0,3.150002,625
2790,1800,14,0,0,24,1000,0,1,56,0,0,1,1,5490,5490,5490,0,0.04879,0,0,2790,1,2790,0,0,0,1800,0,4,0,0,1.05,576
2799,2700,16,1,1,23,11750,0,0,57,0,0,1,1,4581,4581,4581,0,2.128232,9.159152,1,2799,0,2799,1,15000,1,2700,0,1,0,0,8.400002,529
3173,3031,12,1,1,28,16250,0,0,58,0,0,1,1,3876,3838,3838,0,1.697449,8.922792,1,3211,0,3211,1,12000,1,3031,0,10,0,5,5.460001,784
3308,2438,17,1,1,29,13750,0,0,59,0,0,1,1,4334,4334,4334,0,1.697449,0,1,3308,0,3308,0,0,0,2438,0,6,1,7,5.460001,841
3305,2620,12,1,1,39,42500,0,0,60,0,0,1,1,4155,4155,4155,0,2.128232,0,1,3305,1,3305,0,18000,1,2620,0,21,0,19,8.400002,1521
2975,2698,12,0,0,31,9500,0,0,61,0,0,1,1,4407,3736,3733,1,1.029619,0,0,3649,0,3646,0,0,0,2698,0,13,0,0,2.799999,961
3316,2970,8,1,1,50,2500,0,0,62,0,0,1,1,3794,3644,3577,0,1.453953,9.528867,1,3533,0,3466,0,1575,1,2970,0,36,0,28,4.28,2500
3226,2430,10,1,1,36,8250,0,0,63,0,0,1,1,4424,4424,4379,0,1.115142,8.612685,1,3271,0,3226,0,7500,1,2430,0,20,0,15,3.050001,1296
3635,2250,12,0,1,28,1000,0,0,64,0,0,1,1,4195,4195,4195,0,0.891998,8.888895,1,3635,0,3635,1,0,0,2250,0,10,0,5,2.44,784
3233,2888,11,1,1,50,2500,0,0,65,0,0,1,1,3959,3509,3509,0,1.644805,9.528867,1,3683,0,3683,1,2200,1,2888,0,33,0,26,5.179999,2500
3348,1345,12,1,1,50,0,0,0,66,0,0,1,1,5387,5387,5237,0,2.078191,10.22198,1,3498,0,3348,0,0,0,1345,0,32,0,28,7.990002,2500
2630,2925,13,0,0,50,13750,0,0,67,0,0,1,1,4525,4525,4525,1,1.791759,8.922792,1,2630,1,2630,1,0,0,2925,0,31,0,0,5.999997,2500
2858,3976,12,0,0,55,8250,0,0,68,1,0,1,1,3246,3246,3186,1,1.172482,0,0,2918,0,2858,0,0,0,3976,0,37,0,0,3.23,3025
3203,2205,16,0,1,34,8250,0,0,69,0,0,1,1,4672,4604,4604,1,1.172482,9.472781,1,3271,0,3271,0,13500,1,2205,0,12,0,12,3.23,1156
3451,1208,12,1,0,44,16250,0,1,70,0,1,1,1,5421,5321,5321,0,1.791759,0,1,3551,0,3551,0,0,0,1208,0,26,0,0,5.999997,1936
3008,2905,16,1,1,30,13750,0,1,71,0,0,1,1,4167,4167,4167,1,1.752672,0,1,3008,0,3008,0,0,0,2275,630,8,1,4,5.77,900
2821,3825,9,1,1,23,6750,0,0,72,0,0,1,1,3434,3404,3366,0,1.018847,0,1,2889,0,2851,1,0,0,3825,0,8,0,2,2.769999,529
3525,2348,16,1,1,32,13750,0,0,73,0,0,1,1,4207,4052,4014,1,1.711995,0,1,3718,0,3680,0,600,1,2348,0,10,1,7,5.540003,1024
3150,1825,15,1,1,40,0,0,0,74,0,0,1,1,5105,5045,5045,0,2.11746,10.07538,1,3210,0,3210,1,0,0,1825,0,19,0,18,8.310003,1600
3113,2563,10,0,1,34,8250,0,0,75,0,0,1,1,4404,4404,4404,0,1.018847,8.612685,1,3113,0,3113,0,8500,1,2563,0,18,0,15,2.769999,1156
2816,2576,16,0,1,23,11750,0,0,76,0,0,1,1,4688,4688,4688,0,1.711995,9.159152,1,2816,0,2816,1,12000,1,2576,0,1,0,0,5.540003,529
3105,2275,12,1,1,24,0,0,0,77,0,0,1,1,4700,4700,4700,0,1.711995,9.69591,1,3105,0,3105,0,0,0,2275,0,6,1,4,5.540003,576
3605,3595,12,1,1,39,4500,0,0,78,0,0,1,1,2880,2880,2850,0,1.711995,0,1,3635,1,3605,1,0,0,3595,0,21,0,18,5.540003,1521
3611,2575,17,1,0,39,18750,0,0,79,0,0,1,1,3894,3894,3894,0,2.060514,7.824446,1,3611,0,3611,1,0,0,2575,0,16,0,0,7.850003,1521
3128,2843,16,1,1,33,27500,0,0,80,0,0,1,1,4109,4109,4109,1,2.060514,0,0,3128,0,3128,1,0,0,2843,0,11,0,11,7.850003,1089
3213,2188,12,1,1,31,18750,0,1,81,0,0,1,1,4679,4679,4616,1,2.060514,9.528867,0,3276,0,3213,1,17000,1,2188,0,13,0,8,7.850003,961
3860,0,14,1,1,37,16250,0,0,82,0,0,1,1,6220,3970,3970,0,0.932164,0,0,6110,0,6110,0,6000,1,0,0,17,0,17,2.54,1369
4275,2248,6,0,1,60,2500,0,0,83,0,0,0,1,3557,3444,3209,0,0.239017,7.601402,1,4623,0,4388,1,0,0,2248,0,48,0,0,1.27,3600
3076,2876,12,1,1,43,16250,0,0,84,0,0,1,1,4128,3503,3503,1,2.030776,7.824446,1,3701,0,3701,0,3000,1,2876,0,25,0,23,7.619998,1849
4313,2758,16,1,1,34,18750,0,0,85,0,0,1,1,3009,3009,3009,0,2.000128,0,1,4313,0,4313,0,0,0,2758,0,12,1,9,7.390002,1156
2885,2578,16,1,1,37,8250,0,0,86,1,0,1,1,4617,4617,4572,1,1.530395,9.472781,1,2930,0,2885,0,8600,1,2578,0,15,0,12,4.620001,1369
3165,2163,17,1,0,50,32500,0,0,87,0,0,1,1,4752,4752,4744,0,2.783158,9.210441,1,3173,0,3165,1,0,0,2163,0,27,0,0,16.17001,2500
3105,4075,12,1,1,32,42500,0,0,88,0,0,1,1,2900,2450,2331,0,0.837247,0,1,3674,0,3555,0,48000,1,3175,900,14,0,12,2.309999,1024
3063,2388,12,1,1,47,0,0,0,89,0,0,1,1,4629,4589,4559,1,1.93586,10.22198,1,3133,0,3103,0,0,0,2388,0,29,0,27,6.930002,2209
3368,2048,17,1,1,35,18750,0,0,90,0,0,1,1,4664,4664,4589,0,1.93586,9.528867,1,3443,0,3368,1,13000,1,1643,405,12,1,8,6.930002,1225
3415,2935,16,1,1,62,16250,0,0,91,0,0,1,1,3730,3730,3700,1,1.530395,7.824446,1,3445,0,3415,0,2500,1,2935,0,40,0,39,4.620001,3844
3508,2400,16,1,1,38,0,0,0,92,0,0,1,1,4172,4172,4147,0,2.446686,10.38903,1,3533,0,3508,0,0,0,2400,0,16,1,6,11.55001,1444
2788,2325,16,1,0,51,21250,0,0,93,0,0,1,1,4967,4847,4822,1,2.119864,0,1,2933,0,2908,0,0,0,2325,0,29,0,0,8.330005,2601
3180,2108,12,1,0,32,13750,0,0,94,0,0,1,1,4792,4587,4567,0,1.607436,0,0,3405,0,3385,0,0,0,2108,0,14,0,0,4.99,1024
3123,2483,12,1,1,49,13750,0,0,95,0,0,1,1,4474,4474,4474,0,1.583094,9.210441,1,3123,0,3123,0,350,1,2483,0,31,0,24,4.87,2401
3388,1913,17,1,1,36,10500,0,1,96,0,0,1,1,4779,4554,4494,0,1.867176,0,1,3673,0,3613,0,0,0,1913,0,13,0,14,6.47,1296
3610,1738,17,1,1,41,23750,0,0,97,0,0,1,1,4732,4732,4717,1,1.867176,8.229777,1,3625,1,3610,0,0,0,1738,0,18,0,17,6.47,1681
3351,3671,12,1,1,34,0,0,0,98,0,0,1,1,3058,2953,2953,0,0.732368,9.259226,0,3456,0,3456,1,0,0,3671,0,16,1,5,2.08,1156
2653,3225,12,1,1,36,13750,0,0,99,0,0,1,1,4202,3767,3767,0,1.425515,0,1,3088,0,3088,0,0,0,3225,0,18,0,11,4.16,1296
3413,4058,16,1,1,31,10500,0,0,100,0,0,1,1,2609,2489,2489,0,1.425515,8.086718,1,3533,0,3533,0,600,1,4058,0,9,1,9,4.16,961
3218,2713,12,1,1,38,10500,0,0,101,0,0,1,1,4149,4089,4089,0,1.66203,9.282754,1,3278,0,3278,0,11000,1,2713,0,20,0,16,5.269998,1444
3045,2982,12,1,1,32,10500,0,0,102,0,0,1,1,4053,4053,4033,0,1.308333,0,0,3065,0,3045,0,0,0,2982,0,14,1,10,3.700001,1024
3433,3025,12,1,1,35,4500,0,0,103,0,0,1,1,3622,3247,3247,1,1.308333,9.371694,1,3808,0,3808,0,4500,1,3025,0,17,0,13,3.700001,1225
3730,2213,16,0,1,23,6750,0,1,104,0,0,1,1,4137,3979,3979,0,0.978326,8.517393,1,3888,0,3888,0,9700,1,2213,0,1,0,2,2.66,529
2970,2125,15,1,1,27,9500,0,0,105,0,0,1,1,4985,4985,4897,0,0.329304,0,1,3058,1,2970,1,0,0,2125,0,6,1,6,1.39,729
3475,2313,12,0,1,47,2500,0,0,106,1,0,1,1,4292,4292,4259,1,-0.040822,9.964159,1,3508,0,3475,0,20000,1,2313,0,29,0,0,0.96,2209
3430,3140,11,1,1,39,0,0,0,107,0,0,1,1,3510,3510,3510,0,0.652325,9.69591,1,3430,1,3430,0,0,0,3140,0,22,0,22,1.92,1521
2910,625,14,0,1,34,13750,0,0,108,1,0,1,1,6545,6515,6432,0,0.364643,0,1,3023,0,2940,0,15000,1,625,0,14,1,17,1.44,1156
3570,2350,7,1,1,52,6750,0,0,109,0,0,1,1,4160,4153,4153,0,0.955511,0,1,3577,0,3577,1,0,0,2350,0,39,0,0,2.599999,2704
3060,2745,12,1,1,45,16250,0,1,110,0,0,1,1,4275,3990,3990,1,1.832582,0,0,3345,0,3345,0,0,0,2745,0,27,0,23,6.250003,2025
3495,2038,17,1,1,61,13750,0,1,111,0,0,1,1,4547,4382,4322,0,1.752672,8.517393,1,3720,0,3660,0,1200,1,2038,0,38,0,0,5.77,3721
2970,2880,12,0,0,44,16250,0,1,112,0,0,0,1,4230,4230,4230,1,1.752672,0,0,2970,0,2970,0,0,0,2880,0,26,0,0,5.77,1936
3008,3331,8,1,1,51,2500,0,0,113,0,0,0,1,3741,3326,3326,1,1.752672,9.328213,0,3423,0,3423,0,2500,1,3331,0,37,0,27,5.77,2601
3428,1175,15,0,1,49,13750,0,1,114,0,0,1,1,5477,5477,5342,1,1.570697,10.26643,1,3563,0,3428,0,0,0,1175,0,28,0,26,4.809999,2401
3288,1605,10,1,1,64,13750,0,0,115,0,0,1,1,5187,5187,5187,1,1.570697,9.528867,1,3288,0,3288,0,2000,1,1125,480,48,0,42,4.809999,4096
2400,3146,12,1,1,30,18750,0,0,116,0,0,1,1,4534,4534,4534,0,2.263844,7.824446,1,2400,0,2400,0,0,0,3146,0,12,1,9,9.619998,900
3070,3135,12,1,1,36,0,0,0,117,0,0,1,1,3875,3845,3772,0,2.263844,10.07538,1,3173,0,3100,0,0,0,3135,0,18,0,6,9.619998,1296
2250,4065,15,0,1,26,13750,0,0,118,0,0,1,1,3765,3765,3765,0,1.465567,8.922792,1,2250,0,2250,0,11500,1,4065,0,5,1,5,4.329998,676
3323,2968,8,1,1,44,5500,0,1,119,0,0,0,1,3789,3484,3446,0,2.158715,9.491828,1,3666,0,3628,0,6000,1,2968,0,30,0,24,8.660003,1936
3023,2791,12,1,0,28,10500,0,0,120,0,0,1,1,4266,4266,4266,0,1.408545,8.657129,1,3023,0,3023,0,0,0,2791,0,10,0,0,4.09,784
3505,2398,13,1,1,59,18750,0,0,121,0,0,1,1,4177,4177,3764,0,3.480624,7.824446,0,3918,1,3505,0,8250,1,2398,0,40,0,37,32.47998,3481
3503,1588,12,1,1,35,13750,0,1,122,0,0,1,1,4989,4989,4959,0,1.686399,0,0,3533,0,3503,0,0,0,1588,0,17,0,14,5.4,1225
3370,2611,12,1,1,56,8250,0,0,123,1,0,1,1,4099,4099,3949,0,1.283708,8.160804,1,3520,0,3370,1,0,0,2373,238,38,0,33,3.610001,3136
3120,2948,12,1,1,38,16250,0,0,124,0,0,1,1,4012,4012,3712,1,1.976855,0,1,3420,0,3120,0,0,0,2948,0,20,0,19,7.220001,1444
3308,3038,17,1,1,28,13750,0,0,125,0,0,1,1,3734,3734,3734,1,1.976855,9.528867,1,3308,1,3308,0,14000,1,3038,0,5,0,2,7.220001,784
3398,1655,14,0,1,50,0,0,0,126,0,0,1,1,5027,5004,5004,0,1.214913,9.159152,1,3421,0,3421,0,0,0,1655,0,30,0,20,3.370001,2500
3333,2560,8,1,1,46,18750,0,1,127,0,0,1,1,4187,4127,4089,0,1.90806,0,1,3431,0,3393,0,0,0,2560,0,32,0,25,6.74,2116
2728,1175,16,0,0,28,6750,0,1,128,0,0,1,1,6177,5982,5982,0,1.264127,7.313887,1,2923,0,2923,1,0,0,1175,0,6,0,0,3.540001,784
3256,1350,12,1,1,28,3500,0,0,129,0,0,0,1,5474,5474,5474,0,1.061257,7.601402,0,3256,0,3256,0,0,0,1350,0,10,1,6,2.890002,784
3250,3598,12,0,1,36,0,0,0,130,0,0,1,1,3232,2937,2937,0,0.506818,9.528867,0,3545,0,3545,0,14000,1,3598,0,18,0,0,1.660001,1296
2915,2638,16,1,1,47,27500,0,0,131,0,0,1,1,4527,4527,4527,1,2.334084,0,0,2915,0,2915,0,0,0,2638,0,25,0,19,10.32,2209
4170,3230,14,1,1,40,13750,0,0,132,0,1,1,1,2680,2560,2558,1,1.235471,7.824446,0,4292,0,4290,1,0,0,3230,0,20,0,10,3.439998,1600
3030,3311,14,1,1,42,0,0,0,133,0,0,1,1,3739,3739,3739,1,2.547881,10.65728,1,3030,0,3030,0,0,0,3311,0,22,0,20,12.77999,1764
3668,2218,16,0,0,41,8250,1,1,134,0,0,1,1,4194,4194,4194,0,1.541159,0,1,3668,0,3668,1,0,0,2218,0,19,0,0,4.67,1681
2303,3699,17,1,1,44,6750,1,0,135,0,0,1,1,4078,4078,4078,1,1.774952,10.48433,0,2303,0,2303,0,5500,1,3699,0,21,0,14,5.899998,1936
3618,3569,16,0,1,53,18750,0,0,136,1,0,1,1,2893,2823,2823,1,0.900161,7.824446,1,3688,0,3688,0,17600,1,3569,0,31,0,32,2.459999,2809
3316,1775,11,1,1,39,16250,0,1,137,0,0,1,1,4989,4839,4839,0,1.391282,7.824446,1,3466,0,3466,0,4500,1,1775,0,22,0,20,4.02,1521
3601,283,12,0,1,26,1000,0,0,138,0,0,1,1,6196,6121,5808,0,-0.673345,9.453365,0,3989,1,3676,0,12500,1,283,0,8,0,6,0.5099998,676
2413,400,12,0,1,25,0,1,0,139,0,0,0,1,7267,7267,7177,0,0.058269,9.371694,0,2503,1,2413,0,11000,1,400,0,7,0,0,1.06,625
2771,3533,6,1,1,32,6750,1,1,140,0,0,1,1,3776,3776,3746,0,0.71784,0,1,2801,0,2771,1,800,1,3533,0,20,1,10,2.05,1024
3383,2638,12,1,1,32,10500,0,0,141,1,0,1,1,4059,3694,3694,0,1.036737,8.657129,1,3748,0,3748,1,5700,1,2638,0,14,0,0,2.82,1024
3808,1175,17,0,1,24,4500,0,0,142,1,0,0,1,5097,5097,5097,0,1.036737,6.908755,0,3808,0,3808,0,0,0,1175,0,1,0,3,2.82,576
3363,2426,12,1,1,56,8250,0,0,143,0,0,1,1,4291,4291,4291,0,1.278152,8.160804,1,3363,1,3363,0,5000,1,2426,0,38,0,28,3.589999,3136
3675,2113,10,1,1,34,3500,0,0,144,0,0,1,1,4292,4292,4292,1,1.278152,9.23513,1,3675,0,3675,0,4000,1,2113,0,18,0,17,3.589999,1156
3120,2477,13,1,1,23,11750,0,0,145,0,0,1,1,4483,4408,4333,0,1.472472,7.601402,1,3270,0,3195,0,3500,1,2477,0,4,1,0,4.36,529
3536,2375,12,0,1,29,18750,0,1,146,1,0,1,1,4169,4169,4144,1,2.165619,9.528867,0,3561,0,3536,1,17000,1,2375,0,11,0,8,8.719997,841
3253,2813,12,1,1,27,0,0,0,147,0,0,1,1,4014,4014,4014,0,1.635106,9.839003,1,3253,0,3253,0,0,0,2813,0,9,0,8,5.130002,729
2885,2625,10,1,0,58,13750,0,0,148,1,0,1,1,4570,4510,4510,1,1.635106,0,0,2945,0,2945,0,0,0,2625,0,42,0,0,5.130002,3364
2560,3018,12,1,1,56,21250,0,0,149,0,0,1,1,4502,4502,4464,0,1.635106,9.964159,1,2598,0,2560,0,11000,1,2800,218,38,0,33,5.130002,3136
2985,4335,14,1,1,37,18750,0,1,150,0,0,1,1,2760,2738,2738,1,1.89762,0,1,3007,0,3007,0,0,0,4335,0,17,0,0,6.670001,1369
3095,3105,12,0,1,51,13750,0,0,151,0,0,0,1,3880,3880,3880,1,1.89762,9.528867,0,3095,0,3095,0,14000,1,3105,0,33,0,0,6.670001,2601
2985,3194,12,1,1,50,13750,0,0,152,0,0,1,1,3901,3901,3901,0,1.83418,8.922792,0,2985,0,2985,0,0,0,3194,0,32,0,28,6.259999,2500
2243,2713,16,1,1,39,23750,0,0,153,0,0,1,1,5124,5124,5124,0,2.105353,8.229777,1,2243,0,2243,0,2700,1,2713,0,17,0,18,8.210002,1521
2838,2338,12,1,1,48,0,0,0,154,0,0,1,1,4904,4359,4359,0,2.105353,9.839003,1,3383,0,3383,0,0,0,2338,0,30,0,20,8.210002,2304
3375,938,16,1,1,50,27500,0,0,155,0,0,1,1,5767,5767,5677,1,2.423917,8.517393,1,3465,0,3375,0,6000,1,938,0,28,0,29,11.29,2500
3355,3151,16,1,1,26,13750,0,1,156,0,0,1,1,3574,3574,3536,1,2.04122,8.922792,0,3393,0,3355,0,0,0,2613,538,4,1,1,7.699997,676
3743,0,11,1,1,51,16250,0,1,157,0,0,1,1,6337,6215,6175,1,1.818077,0,0,3905,0,3865,0,1000,1,0,0,34,0,29,6.160001,2601
2701,3695,16,1,1,39,18750,0,0,158,0,0,1,1,3684,3644,3644,1,2.04122,8.517393,0,2741,0,2741,0,3600,1,3320,375,17,0,15,7.699997,1521
2943,2575,14,0,1,54,8250,0,0,159,0,0,1,1,4562,4502,4489,1,1.12493,9.865318,1,3016,0,3003,0,9500,1,2575,0,34,0,27,3.080001,2916
3463,2380,12,1,1,28,4500,0,0,160,0,0,1,1,4237,4237,4237,1,1.348073,9.132487,0,3463,0,3463,0,0,0,2380,0,10,0,1,3.849999,784
2723,2781,12,1,0,37,10500,0,0,161,1,0,1,1,4576,4456,4456,0,1.530395,0,1,2843,0,2843,1,0,0,2781,0,19,0,0,4.620001,1369
3875,2088,14,1,1,26,8250,0,0,162,0,0,1,1,4117,3787,3787,0,1.530395,7.71913,0,4205,0,4205,0,350,1,2088,0,6,1,4,4.620001,676
3115,2892,17,1,1,35,13750,0,1,163,0,0,1,1,4073,4073,3973,0,1.818077,0,1,3215,0,3115,0,1000,1,2892,0,12,0,13,6.160001,1225
2756,1188,15,0,0,53,16250,0,0,164,0,0,1,1,6136,5326,5326,0,1.530395,8.922792,1,3566,0,3566,0,0,0,1188,0,32,0,0,4.620001,2809
3398,2088,16,1,1,53,42500,0,0,165,0,0,1,1,4594,4594,3994,0,2.734367,0,1,3998,0,3398,1,3500,1,2088,0,31,0,30,15.39999,2809
3098,3480,12,1,1,27,5500,0,0,166,0,0,1,1,3502,3502,3472,0,1.818077,9.282754,1,3128,0,3098,0,5500,1,3480,0,9,0,7,6.160001,729
2991,2588,17,1,1,37,21250,0,0,167,0,0,1,1,4501,4381,4381,1,2.261763,0,1,3111,0,3111,0,0,0,2588,0,14,0,16,9.6,1369
3215,2688,12,0,1,28,6750,0,0,168,1,0,1,1,4177,4177,4167,1,1.275363,8.853808,1,3225,0,3215,0,4800,1,2688,0,10,0,9,3.580001,784
3611,1445,17,0,1,29,13750,0,0,169,0,0,1,1,5024,4874,4784,1,1.731656,9.528867,1,3851,0,3761,0,19000,1,1445,0,6,0,2,5.650002,841
3305,3050,12,1,1,44,5500,0,0,170,0,0,1,1,3725,3575,3450,0,1.731656,9.491828,0,3580,0,3455,0,5400,1,3050,0,26,0,22,5.650002,1936
3367,2250,12,0,1,26,5500,0,0,171,0,0,1,1,4463,4463,4463,0,0.891998,9.282754,1,3367,0,3367,0,7000,1,2250,0,8,0,7,2.44,676
2618,2763,16,1,0,32,16250,0,0,172,0,0,1,1,4699,4699,4614,0,1.585145,0,1,2703,0,2618,1,0,0,2763,0,10,0,0,4.879999,1024
3475,3008,8,0,0,59,9500,0,0,173,0,0,0,1,3597,2872,2817,1,1.413423,0,1,4255,0,4200,0,0,0,3008,0,45,0,0,4.11,3481
3618,2941,17,1,1,26,3500,0,0,174,0,0,1,1,3521,3521,3453,0,1.205971,0,0,3686,0,3618,0,0,0,2941,0,3,0,2,3.340001,676
3460,650,11,0,0,32,2500,0,0,175,0,0,0,1,5970,5885,5885,0,0.943906,0,1,3545,0,3545,0,0,0,650,0,15,0,0,2.57,1024
3250,2700,14,1,1,27,8250,0,0,176,0,0,1,1,4130,4130,4130,0,0.943906,8.612685,1,3250,0,3250,1,0,0,2700,0,7,0,8,2.57,729
2648,2775,9,0,0,57,4500,0,0,177,0,0,1,1,4657,4297,4287,1,1.011601,0,1,3018,0,3008,0,0,0,2775,0,42,0,0,2.75,3249
3045,2313,12,1,1,26,0,0,0,178,0,0,1,1,4722,4602,4584,1,0.587787,8.817446,1,3183,1,3165,0,0,0,2313,0,8,1,4,1.800001,676
3065,3003,12,1,1,37,6750,0,1,179,0,0,0,1,4012,4012,4012,0,1.300192,8.853808,0,3065,0,3065,0,7000,1,3003,0,19,0,14,3.670001,1369
2875,2301,14,1,1,24,2500,0,0,180,0,0,1,1,4904,4904,4904,0,1.300192,9.132487,0,2875,0,2875,0,0,0,2301,0,4,0,1,3.670001,576
3090,1806,12,1,1,33,11750,0,0,181,0,0,1,1,5184,3921,3839,1,1.798404,0,1,4435,0,4353,0,0,0,1806,0,15,0,14,6.04,1089
2798,2366,17,1,0,33,10500,0,1,182,0,0,1,1,4916,4826,4826,0,1.574847,0,1,2888,0,2888,1,0,0,2366,0,10,0,0,4.830002,1089
3610,2466,14,1,1,27,8250,0,0,183,0,0,1,1,4004,4004,4004,0,1.169381,0,1,3610,0,3610,1,0,0,2466,0,7,1,0,3.219999,729
3403,2648,8,1,1,45,16250,0,1,184,0,0,1,1,4029,3594,3594,0,1.688249,8.517393,0,3838,0,3838,0,3000,1,2298,350,31,0,18,5.409999,2025
3656,2010,12,1,1,32,9500,0,1,185,1,0,1,1,4414,4189,4189,1,1.776646,8.35491,0,3881,0,3881,0,4000,1,2010,0,14,0,9,5.910001,1024
3348,1760,17,1,1,30,13750,0,0,186,0,0,1,1,4972,4972,4972,1,2.086914,0,1,3348,1,3348,0,0,0,1760,0,7,1,7,8.060004,900
3130,3135,12,0,1,35,4500,0,0,187,0,0,1,1,3815,3455,3455,1,0.652325,9.371694,1,3490,0,3490,0,11500,1,3135,0,17,0,13,1.92,1225
3213,1485,10,0,0,35,4500,0,0,188,0,0,1,1,5382,4511,4248,0,0.652325,8.699681,1,4347,0,4084,1,0,0,1485,0,19,0,0,1.92,1225
3855,2463,7,1,1,46,11750,0,1,189,0,0,0,1,3762,3762,3762,0,1.105257,0,1,3855,0,3855,0,0,0,2463,0,33,0,24,3.020001,2116
3138,2351,12,1,1,47,16250,0,0,190,0,0,1,1,4591,4546,4333,0,2.142417,8.922792,1,3396,0,3183,0,0,0,2351,0,29,0,25,8.520005,2209
3203,2975,12,1,0,51,16250,0,1,191,1,0,1,1,3902,3564,3564,0,1.376244,0,1,3541,0,3541,1,0,0,2975,0,33,0,0,3.96,2601
2930,1283,10,1,1,28,10500,0,1,192,0,0,1,1,5867,5747,5744,1,1.88707,0,0,3053,0,3050,0,0,0,1283,0,12,0,9,6.600002,784
2448,2488,17,1,1,47,16250,0,0,193,0,0,1,1,5144,5144,5144,1,2.110213,8.517393,1,2448,0,2448,0,6000,1,2488,0,24,0,19,8.249999,2209
3556,826,12,0,1,46,3500,0,0,194,0,0,0,1,5698,5143,5143,0,0.837247,8.699681,1,4111,0,4111,0,7900,1,788,38,28,0,0,2.309999,2116
3660,2575,14,0,1,42,8250,0,0,195,1,0,1,1,3845,3845,3845,1,1.506297,9.259226,0,3660,0,3660,1,11000,1,2575,0,22,0,0,4.509999,1764
2536,2326,9,0,0,59,1000,0,0,196,0,0,1,1,5218,5218,5143,1,0.139762,0,0,2611,0,2536,1,0,0,2326,0,44,0,0,1.15,3481
2828,2700,11,0,1,30,1000,0,1,197,0,0,1,1,4552,4435,4432,0,0.139762,8.657129,1,2948,0,2945,1,7500,1,2700,0,13,0,12,1.15,900
3103,1350,12,0,0,35,6750,0,1,198,0,0,1,1,5627,5627,5627,0,0.029559,8.229777,0,3103,0,3103,0,0,0,1350,0,17,0,0,1.03,1225
3730,1175,12,0,1,23,5500,0,1,199,0,0,1,1,5175,5175,5175,0,0.198851,8.517393,1,3730,0,3730,0,5750,1,1175,0,5,0,3,1.22,529
2840,2353,11,0,1,38,16250,0,1,200,0,0,1,1,4887,4887,4887,0,0.364643,7.824446,1,2840,0,2840,0,14000,1,2353,0,21,0,20,1.44,1444
3210,1563,12,0,0,61,3500,0,0,201,0,0,1,1,5307,5227,5089,0,0.364643,0,1,3428,0,3290,0,0,0,1563,0,43,0,0,1.44,3721
3650,600,8,0,0,51,4500,0,1,202,0,0,1,1,5830,5830,5830,0,0.364643,0,1,3650,0,3650,0,0,0,600,0,37,0,0,1.44,2601
2708,2501,17,1,1,55,13750,0,0,203,0,0,1,1,4871,4811,4761,0,-0.328504,9.528867,1,2818,0,2768,0,7000,1,2501,0,32,0,25,0.72,3025
3530,2250,10,0,1,33,3500,0,0,204,0,0,1,1,4300,4300,4300,1,0.672944,9.23513,1,3530,0,3530,0,12000,1,2250,0,17,0,17,1.959999,1089
4695,1533,12,0,1,52,9500,0,1,205,1,0,1,1,3852,3852,3652,0,1.150572,8.817446,0,4895,0,4695,0,10000,1,1533,0,34,0,0,3.16,2704
3639,2513,15,1,1,27,13750,0,0,206,0,0,1,1,3928,3853,3733,0,1.241269,8.922792,1,3834,0,3714,0,12500,1,2513,0,6,1,5,3.460001,729
2335,2896,9,1,1,36,8250,1,0,207,0,0,1,1,4849,4756,4718,0,1.241269,8.160804,1,2466,0,2428,1,0,0,2663,233,21,0,0,3.460001,1296
2813,2550,12,0,0,55,8250,0,0,208,0,0,1,1,4717,4717,4717,0,1.241269,0,0,2813,0,2813,0,0,0,2550,0,37,0,0,3.460001,3025
3088,2747,10,0,1,60,0,0,0,209,1,0,0,1,4245,4185,4185,1,1.241269,9.159152,0,3148,0,3148,0,0,0,2747,0,44,0,38,3.460001,3600
3710,2127,11,0,1,40,9500,0,0,210,0,0,1,1,4243,4183,4183,0,0.548121,9.132487,1,3770,1,3770,0,10000,1,2127,0,23,0,22,1.729999,1600
3293,1125,13,0,1,29,6750,0,0,211,1,0,1,1,5662,5437,5437,1,1.241269,9.159152,0,3518,0,3518,0,0,0,1125,0,10,0,8,3.460001,841
3261,1125,12,0,1,35,1000,0,0,212,1,0,1,1,5694,5514,5514,1,1.241269,9.632401,0,3441,0,3441,0,10000,1,1125,0,17,0,16,3.460001,1225
3540,3692,12,1,1,35,4500,0,1,213,0,0,1,1,2848,2548,2548,0,1.241269,9.865318,0,3840,0,3840,0,4000,1,2642,1050,17,0,15,3.460001,1225
3176,2225,12,1,1,39,1000,0,0,214,1,0,1,1,4679,4634,4634,0,1.241269,9.632401,0,3221,0,3221,0,0,0,2225,0,21,0,13,3.460001,1521
3060,2375,12,1,1,23,4500,0,0,215,0,1,0,1,4645,4645,4555,0,1.241269,9.132487,1,3150,0,3060,1,0,0,2375,0,5,1,5,3.460001,529
3590,2100,11,1,1,28,0,0,0,216,0,0,1,1,4390,4390,4360,0,1.241269,7.824446,1,3620,0,3590,0,800,1,2100,0,11,1,1,3.460001,784
2923,2243,17,0,0,28,4500,0,1,217,0,0,1,1,4914,4884,4619,0,1.241269,0,1,3218,0,2953,0,0,0,2243,0,5,0,0,3.460001,784
3020,2275,13,0,0,54,6750,0,0,218,1,0,1,1,4785,4785,4785,1,1.241269,7.313887,1,3020,0,3020,1,0,0,2275,0,35,0,0,3.460001,2916
3110,2393,11,0,1,46,0,0,0,219,1,0,1,1,4577,4577,4577,0,0.779325,9.839003,1,3110,0,3110,0,15000,1,2393,0,29,0,0,2.18,2116
3898,2408,12,0,1,52,11750,0,0,220,1,0,1,1,3774,3774,3774,0,0.908259,8.853808,1,3898,0,3898,0,11000,1,2408,0,34,0,31,2.480001,2704
2841,2413,12,0,1,30,0,0,0,221,0,0,1,1,4826,4736,4736,0,1.172482,10.65728,1,2931,0,2931,0,23000,1,2413,0,12,0,12,3.23,900
3278,2420,12,0,1,40,10500,0,0,222,0,0,1,1,4382,4142,4142,0,1.701105,9.282754,1,3518,0,3518,0,13000,1,2420,0,22,0,16,5.48,1600
3151,1263,17,0,1,40,4500,0,1,223,0,0,1,1,5666,5626,4929,0,1.444563,9.371694,1,3888,0,3191,1,0,0,1263,0,17,0,22,4.239999,1600
3165,2765,10,1,1,28,10500,1,0,224,0,0,1,1,4150,3985,3315,0,0.875469,9.018089,1,4000,0,3330,1,3000,1,2765,0,12,1,11,2.400001,784
3720,2100,12,0,1,36,8250,0,0,225,0,0,1,1,4260,4120,4120,1,0.587787,7.131699,1,3860,0,3860,0,8000,1,2100,0,18,0,8,1.800001,1296
3675,2425,12,0,0,30,8250,0,0,226,0,0,1,1,3980,3980,3980,1,1.321756,7.131699,1,3675,0,3675,1,0,0,2425,0,12,0,0,3.750001,900
3300,3213,12,1,1,37,9500,0,0,227,0,1,1,1,3567,3567,3567,0,1.504077,6.908755,1,3300,0,3300,0,1500,1,2338,875,19,0,17,4.499998,1369
2250,1200,12,0,1,36,6750,0,1,228,0,0,0,1,6630,6630,5430,0,1.321756,8.853808,0,3450,0,2250,0,8000,1,1200,0,18,0,14,3.750001,1296
3298,2276,12,1,1,31,8250,0,0,229,0,0,1,1,4506,4286,4286,1,1.321756,7.131699,1,3518,0,3518,0,3746,1,2276,0,13,0,8,3.750001,961
3245,2475,12,1,1,30,11750,0,0,230,0,0,1,1,4360,4172,4172,0,1.658228,0,1,3433,0,3433,0,1400,1,2475,0,12,0,4,5.25,900
2770,2300,11,0,1,53,8250,0,0,231,0,0,1,1,5010,4620,4620,1,1.321756,8.612685,1,3160,0,3160,0,0,0,2300,0,36,0,29,3.750001,2809
3383,2188,12,0,1,37,8250,1,0,232,1,0,0,1,4509,4239,4239,0,1.098612,8.987322,1,3653,0,3653,1,9000,1,2188,0,19,0,18,2.999999,1369
3338,2313,12,1,1,29,13750,0,1,233,0,0,1,1,4429,4429,4429,0,1.65058,0,1,3338,0,3338,0,0,0,2313,0,11,0,10,5.210001,841
3330,2300,12,1,1,34,1000,0,0,234,0,0,0,1,4450,4450,4417,1,1.560248,9.282754,1,3363,0,3330,0,2500,1,2300,0,16,0,2,4.760002,1156
3098,2828,12,1,1,38,0,0,0,235,0,0,1,1,4154,3666,3553,1,1.752672,9.528867,1,3699,0,3586,0,0,0,2438,390,20,0,19,5.77,1444
3158,2200,12,0,1,24,16250,0,0,236,1,0,1,1,4722,4722,4677,0,1.752672,8.922792,1,3203,0,3158,1,1500,1,2200,0,6,0,5,5.77,576
3404,3748,14,1,1,52,5500,0,0,237,0,0,1,1,2928,2893,2893,0,1.752672,9.491828,1,3439,0,3439,0,0,0,3748,0,32,0,26,5.77,2704
3038,2681,9,1,1,38,13750,0,1,238,0,0,0,1,4361,4211,4196,0,1.752672,7.824446,0,3203,0,3188,0,4500,1,2681,0,23,0,14,5.77,1444
3115,1860,16,0,1,36,23750,0,0,239,0,0,1,1,5105,5105,5105,0,1.752672,8.229777,1,3115,0,3115,0,21000,1,1860,0,14,0,18,5.77,1296
2623,4325,12,1,1,60,10500,0,1,240,0,0,1,1,3132,3132,3112,0,1.752672,8.657129,0,2643,0,2623,0,9000,1,4325,0,42,0,0,5.77,3600
3013,2313,12,1,1,39,1000,0,0,241,0,0,1,1,4754,4754,4754,0,1.752672,9.282754,0,3013,0,3013,0,1100,1,2313,0,21,0,16,5.77,1521
2895,3411,12,0,0,50,11750,0,0,242,0,0,1,1,3774,3774,3774,0,1.752672,0,1,2895,0,2895,0,0,0,3411,0,32,0,0,5.77,2500
1485,2075,12,1,1,28,2500,0,0,243,0,0,1,1,6520,6520,6400,0,1.752672,9.328213,1,1605,0,1485,0,4000,1,2075,0,10,0,12,5.77,784
2770,2587,10,0,0,36,10500,0,1,244,0,0,1,1,4723,4723,4723,0,1.752672,8.086718,1,2770,0,2770,0,0,0,2587,0,20,0,0,5.77,1296
3308,2975,8,1,1,60,13750,0,1,245,0,0,1,1,3797,3677,3667,1,1.752672,8.517393,0,3438,0,3428,0,4000,1,2975,0,46,0,23,5.77,3600
3210,2125,13,1,1,32,0,0,0,246,0,0,1,1,4745,4700,4700,0,1.752672,9.371694,1,3255,0,3255,1,0,0,2125,0,13,0,11,5.77,1024
3116,2628,12,1,1,56,8250,0,1,247,0,0,1,1,4336,4246,4246,0,1.752672,9.259226,1,3206,0,3206,0,9000,1,2628,0,38,0,35,5.77,3136
3183,2388,8,1,1,47,13750,0,1,248,0,1,1,1,4509,4509,4432,1,1.752672,0,1,3260,0,3183,0,0,0,2388,0,33,0,0,5.77,2209
3330,2866,12,1,1,61,1000,0,0,249,0,0,1,1,3884,2959,2959,0,1.752672,9.915959,1,4255,0,4255,1,2400,1,2866,0,43,0,39,5.77,3721
3113,2173,17,1,0,29,11750,0,0,250,0,0,0,1,4794,4719,4719,1,1.752672,0,0,3188,0,3188,0,0,0,2173,0,6,0,0,5.77,841
2880,2450,8,1,1,56,11750,0,0,251,0,0,1,1,4750,4750,4750,1,1.752672,0,1,2880,0,2880,0,0,0,2450,0,42,0,0,5.77,3136
3308,1613,12,1,1,27,0,0,0,252,1,0,1,1,5159,4841,4578,1,1.752672,9.69591,0,3889,0,3626,0,0,0,1613,0,9,0,5,5.77,729
3428,3150,9,1,1,45,10500,0,0,253,0,0,1,1,3502,3502,3502,1,1.61343,8.657129,0,3428,0,3428,0,6600,1,3150,0,30,0,0,5.02,2025
3998,1350,12,0,1,25,6750,0,0,254,1,0,1,1,4732,4649,3854,1,1.258461,8.853808,0,4876,0,4081,0,9000,1,1350,0,7,0,4,3.52,625
3965,700,10,1,1,26,10500,0,1,255,0,0,0,1,5415,5415,5340,1,1.510722,0,0,4040,0,3965,0,0,0,700,0,10,1,9,4.530001,676
3515,2250,12,0,0,52,4500,0,0,256,0,0,1,1,4315,4315,4255,1,1.018847,0,0,3575,0,3515,0,0,0,2250,0,34,0,0,2.769999,2704
3345,1955,17,0,1,33,18750,0,0,257,0,0,1,1,4780,4780,4780,0,2.022871,9.528867,1,3345,0,3345,1,18000,1,1955,0,10,1,8,7.559999,1089
3638,2125,17,1,1,37,4500,0,1,258,0,0,1,1,4317,4257,4177,1,1.396245,8.699681,1,3778,0,3698,0,0,0,2125,0,14,1,7,4.040001,1369
2655,938,13,1,1,30,0,0,0,259,0,0,1,1,6487,6487,6487,1,1.396245,9.018089,1,2655,1,2655,0,0,0,338,600,11,1,6,4.040001,900
2618,3869,17,0,1,52,16250,0,1,260,0,0,1,1,3593,3593,3593,1,2.312536,9.328213,1,2618,0,2618,0,0,0,3869,0,29,0,27,10.10001,2704
3450,2450,12,1,1,23,9500,0,1,261,0,0,1,1,4180,4180,4165,1,1.396245,6.908755,0,3465,0,3450,0,300,1,2450,0,5,1,2,4.040001,529
3188,2353,12,0,1,44,5500,0,0,262,1,0,1,1,4539,4239,4239,1,1.108563,9.998843,0,3488,0,3488,0,22000,1,2353,0,26,0,0,3.030001,1936
3390,2563,16,1,1,33,13750,0,0,263,0,0,1,1,4127,3577,3439,0,2.089392,0,1,4078,0,3940,0,0,0,2563,0,11,0,10,8.080001,1089
3108,1863,12,0,1,27,8250,0,0,264,1,0,1,1,5109,5109,5094,0,1.396245,9.259226,0,3123,0,3108,0,10000,1,1863,0,9,0,5,4.040001,729
3825,2143,7,1,0,65,13750,0,0,265,0,0,0,1,4112,4012,4012,1,1.80171,0,1,3925,0,3925,0,0,0,2143,0,52,0,0,6.060001,4225
3778,1571,16,1,1,30,16250,0,0,266,0,0,1,1,4731,4731,4731,1,2.089392,9.69591,0,3778,0,3778,0,17000,1,1571,0,8,1,8,8.080001,900
3046,2571,16,1,1,54,18750,0,0,267,0,0,1,1,4463,4231,4171,1,2.089392,7.824446,1,3338,0,3278,0,6000,1,2571,0,32,0,32,8.080001,2916
3333,1818,16,0,1,29,16250,0,0,268,0,0,1,1,4929,4869,4869,1,2.089392,9.69591,0,3393,0,3393,0,0,0,1818,0,7,1,8,8.080001,841
4575,0,12,1,1,49,3500,0,0,269,0,1,1,1,5505,5505,5100,1,2.089392,10.08585,0,4980,0,4575,0,3700,1,0,0,31,0,27,8.080001,2401
3263,2250,12,1,1,25,10500,1,0,270,0,0,1,1,4567,4567,4567,0,1.396245,0,1,3263,0,3263,1,0,0,2250,0,7,1,4,4.040001,625
3113,2313,12,0,1,58,27500,0,0,271,1,0,1,1,4654,4504,3184,1,1.396245,8.517393,1,4583,0,3263,0,25000,1,2313,0,40,0,34,4.040001,3364
4545,835,11,1,0,40,8250,0,1,272,0,0,0,1,4700,4550,4550,0,1.396245,0,0,4695,0,4695,0,0,0,835,0,23,0,0,4.040001,1600
3880,2830,12,1,1,40,0,0,0,273,0,0,1,1,3370,3332,3332,0,1.396245,9.018089,1,3918,0,3918,1,0,0,2830,0,22,1,5,4.040001,1600
3303,2226,12,1,0,56,6750,0,1,274,0,1,0,1,4551,4306,4193,1,1.396245,0,0,3661,1,3548,0,0,0,2226,0,38,0,0,4.040001,3136
3388,2325,9,0,1,45,0,0,0,275,0,0,0,1,4367,4367,4367,0,1.396245,9.69591,1,3388,0,3388,0,0,0,2325,0,30,0,25,4.040001,2025
3278,2140,10,0,0,52,8250,0,1,276,0,0,0,1,4662,4662,4662,1,1.526056,0,1,3278,0,3278,0,0,0,2140,0,36,0,0,4.599999,2704
3376,2592,17,1,1,31,10500,0,0,277,0,0,1,1,4112,4064,4019,0,1.669592,9.018089,1,3469,0,3424,1,7500,1,2592,0,8,1,10,5.310001,961
2895,2313,12,1,1,27,16250,0,1,278,0,0,1,1,4872,4872,4872,0,2.669309,7.824446,1,2895,0,2895,0,6000,1,2313,0,9,0,5,14.42999,729
3216,2263,14,1,1,31,21250,0,0,279,0,0,1,1,4601,4601,4601,0,2.340844,9.328213,0,3216,0,3216,0,11000,1,2263,0,11,0,9,10.39,961
2930,2100,17,1,1,30,18750,0,0,280,0,0,1,1,5050,5050,4900,1,2.340844,0,1,3080,0,2930,1,800,1,2100,0,7,0,6,10.39,900
3150,1075,16,1,1,44,21250,0,1,281,0,0,1,1,5855,4870,4870,1,2.340844,0,1,4135,0,4135,0,0,0,1075,0,22,0,17,10.39,1936
3248,2238,15,1,1,27,13750,0,0,282,0,0,1,1,4594,4594,4564,0,1.763017,7.824446,0,3278,0,3248,0,1000,1,2238,0,6,1,6,5.83,729
3983,1168,14,0,0,28,6750,0,0,283,1,0,1,1,4929,3688,3688,0,1.960095,0,1,5224,0,5224,0,0,0,1168,0,8,0,0,7.100002,784
3218,1900,12,1,1,57,1000,0,0,284,0,0,1,1,4962,4657,4432,1,2.124654,10.03236,1,3748,0,3523,0,1800,1,1900,0,39,0,24,8.370002,3249
2803,2376,13,0,1,33,9500,0,0,285,0,0,1,1,4901,4901,4901,0,0.932164,7.71913,1,2803,0,2803,0,0,0,2376,0,14,0,10,2.54,1089
3038,1800,12,1,1,29,6750,0,0,286,1,0,1,1,5242,5242,5052,0,1.337629,9.159152,1,3228,0,3038,1,9000,1,1200,600,11,1,5,3.809999,841
3150,2965,12,1,1,32,13750,0,1,287,0,0,1,1,3965,3815,3815,0,1.848455,0,0,3300,0,3300,1,1000,1,1628,1337,14,0,14,6.350001,1024
3405,3466,13,1,1,25,0,0,0,288,0,0,1,1,3209,3209,3209,1,2.318458,9.69591,0,3405,0,3405,0,0,0,3466,0,6,1,4,10.16,625
3548,1538,12,1,1,50,2500,0,0,289,0,0,1,1,4994,4994,4994,1,1.848455,9.328213,0,3548,0,3548,0,3000,1,1538,0,32,0,25,6.350001,2500
3670,2600,12,1,0,39,13750,1,1,290,0,0,0,1,3810,3810,3810,1,1.848455,0,0,3670,0,3670,0,0,0,2600,0,21,0,0,6.350001,1521
2961,1675,12,1,1,24,11750,0,1,291,1,0,0,1,5444,4681,4681,1,1.848455,8.853808,0,3724,0,3724,0,7500,1,1675,0,6,0,4,6.350001,576
3530,1113,12,1,1,31,13750,0,1,292,0,0,1,1,5437,5374,5309,0,1.848455,0,0,3658,0,3593,0,0,0,1113,0,13,1,9,6.350001,961
2668,2400,12,1,1,25,13750,0,1,293,0,0,1,1,5012,5012,4992,0,1.848455,0,1,2688,0,2668,1,0,0,2400,0,7,1,7,6.350001,625
3233,2288,7,1,1,44,16250,0,1,294,0,0,1,1,4559,3944,3756,0,1.848455,8.517393,1,4036,0,3848,1,0,0,2288,0,31,0,25,6.350001,1936
3750,2226,17,1,1,62,32500,0,0,295,0,0,1,1,4104,4104,3939,1,2.861057,9.210441,0,3915,0,3750,0,0,0,2226,0,39,0,37,17.47999,3844
3203,2001,12,1,1,44,18750,0,0,296,0,0,1,1,4876,4876,4681,1,2.295561,7.824446,0,3398,0,3203,0,0,0,2001,0,26,0,23,9.930006,1936
2948,2480,12,0,1,35,2500,0,0,297,1,0,1,1,4652,4552,4552,1,1.465567,9.69591,1,3048,0,3048,0,18750,1,2480,0,17,0,0,4.329998,1225
3621,2588,12,0,0,34,10500,0,0,298,1,0,1,1,3871,3458,3398,0,1.465567,7.131699,1,4094,0,4034,1,0,0,2588,0,16,0,0,4.329998,1156
3630,1213,12,0,1,27,6750,0,0,299,1,0,1,1,5237,4702,4702,0,1.465567,9.159152,1,4165,0,4165,1,8000,1,1213,0,9,1,5,4.329998,729
3631,1650,12,1,1,32,0,0,0,300,0,0,1,1,4799,4799,4799,0,2.158715,9.018089,1,3631,1,3631,0,0,0,1650,0,14,0,10,8.660003,1024
2836,2263,8,1,1,58,18750,0,1,301,0,0,1,1,4981,4981,4981,1,2.158715,0,1,2836,0,2836,0,0,0,2263,0,44,0,30,8.660003,3364
2940,2163,17,0,1,27,10500,0,0,302,0,0,1,1,4977,4969,4969,0,1.465567,9.018089,1,2948,0,2948,1,11000,1,2163,0,4,1,10,4.329998,729
3943,958,14,1,1,59,18750,1,0,303,0,0,1,1,5179,5179,5179,1,2.158715,8.517393,1,3943,1,3943,1,6000,1,958,0,39,0,34,8.660003,3481
3378,3185,12,1,1,23,8250,0,0,304,0,0,1,1,3517,3517,3479,0,2.000128,9.259226,0,3416,0,3378,0,0,0,3185,0,5,0,0,7.390002,529
4140,0,8,1,1,45,13750,0,0,305,0,0,0,1,5940,5820,5790,0,1.742219,0,1,4290,0,4260,0,0,0,0,0,31,0,0,5.71,2025
2888,2931,12,1,1,25,11750,0,1,306,0,0,1,1,4261,4261,4231,1,1.811562,8.412055,1,2918,0,2888,0,1200,1,2931,0,7,0,1,6.119999,625
3030,1138,17,1,0,52,16250,0,0,307,0,0,1,1,5912,5502,5502,0,2.136531,0,1,3440,0,3440,0,0,0,1138,0,29,0,0,8.470005,2704
3705,2363,12,1,1,29,13750,0,0,308,0,0,1,1,4012,4012,3937,1,1.893112,8.922792,1,3780,0,3705,0,0,0,2363,0,11,1,6,6.64,841
3795,1298,16,0,1,24,13750,0,0,309,0,0,1,1,4987,4612,4597,0,1.345472,8.922792,1,4185,0,4170,1,13200,1,1298,0,2,0,3,3.839998,576
3160,3103,10,1,1,59,2500,0,0,310,0,1,1,1,3817,3817,3817,0,2.071913,9.328213,1,3160,0,3160,1,2500,1,3103,0,43,0,36,7.939998,3481
3075,3261,10,1,1,39,1000,0,0,311,0,0,1,1,3744,3534,3534,1,1.530395,9.632401,1,3285,0,3285,0,0,0,3261,0,23,0,13,4.620001,1521
2678,2755,12,1,1,33,21250,1,1,312,0,1,1,1,4647,4377,4339,1,2.223542,0,1,2986,0,2948,0,5500,1,2755,0,15,0,7,9.240001,1089
4113,2488,8,1,1,33,9500,0,0,313,0,0,0,1,3479,3479,3479,1,1.530395,0,0,4113,0,4113,0,0,0,2488,0,19,1,13,4.620001,1089
3293,2058,12,1,0,58,10500,0,0,314,0,0,1,1,4729,4179,4179,0,1.93586,0,0,3843,0,3843,0,0,0,2058,0,40,0,0,6.930002,3364
2760,2695,16,1,1,33,16250,0,0,315,0,0,1,1,4625,4625,4625,1,2.446686,10.17546,1,2760,0,2760,0,0,0,2695,0,11,1,9,11.55001,1089
3720,2113,17,0,1,24,4500,0,0,316,1,0,1,1,4247,4247,4247,0,0.837247,8.699681,0,3720,0,3720,1,3500,1,2113,0,1,0,2,2.309999,576
3840,1538,12,1,1,47,21250,0,0,317,0,0,1,1,4702,4702,4702,1,2.223542,8.740497,0,3840,0,3840,0,5600,1,1538,0,29,0,7,9.240001,2209
3338,1323,16,0,1,51,9500,0,0,318,0,0,1,1,5419,5046,5046,0,1.530395,9.798183,0,3711,0,3711,1,0,0,1323,0,29,0,29,4.620001,2601
4373,0,11,0,1,44,9500,0,0,319,1,0,1,1,5707,5707,5707,0,1.530395,10.04329,1,4373,0,4373,0,15000,1,0,0,27,0,26,4.620001,1936
2928,2735,12,1,1,48,13750,0,1,320,0,0,1,1,4417,4207,4207,0,1.93586,8.517393,0,3138,0,3138,0,4000,1,2105,630,30,0,27,6.930002,2304
3090,3225,12,1,1,36,0,0,0,321,0,0,1,1,3765,3730,3070,1,2.446686,10.38903,1,3785,0,3125,0,0,0,3225,0,18,0,15,11.55001,1296
2740,2375,12,1,1,54,9500,0,0,322,0,0,1,1,4965,4965,4890,0,1.93586,9.371694,0,2815,0,2740,0,10000,1,2375,0,36,0,27,6.930002,2916
2496,1762,12,1,1,25,3500,0,0,323,0,0,1,1,5822,5662,5662,1,0.837247,9.453365,0,2656,0,2656,0,0,0,1762,0,7,0,1,2.309999,625
3098,2601,17,0,0,56,10500,0,0,324,0,0,0,1,4381,4231,4231,1,1.530395,7.131699,1,3248,0,3248,0,0,0,2601,0,33,0,0,4.620001,3136
2933,2513,12,1,1,28,0,0,0,325,0,0,1,1,4634,4634,4614,0,1.93586,9.839003,1,2953,0,2933,0,0,0,2513,0,10,1,6,6.930002,784
3195,1755,14,0,0,40,11750,0,0,326,0,0,1,1,5130,4755,4755,0,1.530395,0,1,3570,0,3570,0,0,0,1755,0,20,0,0,4.620001,1600
3213,2288,12,1,1,28,2500,0,0,327,0,0,1,1,4579,4519,4519,0,1.530395,9.132487,0,3273,0,3273,0,0,0,2288,0,10,0,4,4.620001,784
3015,2640,12,1,1,29,0,0,0,328,1,0,0,1,4425,4387,4199,0,1.530395,9.371694,1,3241,0,3053,0,0,0,2640,0,11,0,7,4.620001,841
3698,2518,17,1,1,33,18750,0,0,329,0,0,1,1,3864,3864,3779,1,1.93586,7.824446,0,3783,0,3698,0,0,0,2518,0,10,1,0,6.930002,1089
3488,1880,12,1,1,26,10500,0,1,330,0,0,1,1,4712,4712,4712,0,1.93586,8.657129,1,3488,0,3488,1,0,0,1830,50,8,0,5,6.930002,676
3335,2438,12,1,1,54,27500,0,0,331,0,0,1,1,4307,4247,4247,1,2.446686,8.517393,1,3395,0,3395,0,9000,1,2438,0,36,0,34,11.55001,2916
2965,2551,12,1,1,31,9500,0,1,332,0,0,1,1,4564,4564,4564,0,1.530395,9.132487,1,2965,0,2965,0,10000,1,2551,0,13,0,12,4.620001,961
3823,2300,13,1,1,56,13750,0,1,333,0,0,1,1,3957,3957,3957,1,1.93586,9.528867,1,3823,0,3823,0,14000,1,2300,0,37,0,29,6.930002,3136
3443,2996,17,0,0,25,10500,0,1,334,0,0,1,1,3641,3641,3453,0,1.530395,0,1,3631,0,3443,0,0,0,2996,0,2,0,0,4.620001,625
3560,2513,12,1,1,25,0,0,0,335,0,0,0,1,4007,4007,3932,0,1.530395,8.817446,1,3635,1,3560,0,2000,1,2513,0,7,0,4,4.620001,625
3461,2300,8,1,1,53,0,0,0,336,0,1,1,1,4319,4319,4319,0,1.93586,9.528867,1,3461,0,3461,0,0,0,2300,0,39,0,15,6.930002,2809
3178,2656,12,1,1,26,5500,0,0,337,0,0,1,1,4246,4246,4231,1,1.530395,9.282754,1,3193,0,3178,0,1100,1,2656,0,8,0,5,4.620001,676
3435,1920,15,1,1,24,5500,0,1,338,0,0,1,1,4725,4725,4725,1,1.530395,8.740497,0,3435,0,3435,0,8000,1,1920,0,3,0,1,4.620001,576
3211,1275,17,1,1,45,13750,0,1,339,0,0,1,1,5594,5406,5376,0,1.93586,7.824446,1,3429,0,3399,1,2000,1,1275,0,22,0,20,6.930002,2025
3635,465,10,0,1,52,4500,0,0,340,0,0,0,1,5980,5950,5950,0,0.837247,9.564583,1,3665,0,3665,0,0,0,465,0,36,0,34,2.309999,2704
3378,1125,15,0,1,23,21250,0,0,341,1,0,1,1,5577,5484,5484,1,1.585145,7.824446,0,3471,0,3471,1,10500,1,1125,0,2,1,5,4.879999,529
3780,1050,12,0,1,32,6750,0,0,342,1,0,1,1,5250,4412,4337,0,1.294727,9.159152,1,4693,0,4618,1,0,0,1050,0,14,0,15,3.649999,1024
2715,2850,17,0,1,49,13750,0,0,343,1,0,1,1,4515,4215,4215,0,1.20896,9.528867,1,3015,0,3015,0,50000,1,2850,0,26,0,25,3.349999,2401
3436,2250,12,0,0,44,13750,0,0,344,1,0,1,1,4394,4334,4334,0,1.838961,0,1,3496,0,3496,0,0,0,2250,0,26,0,0,6.289999,1936
3285,2451,13,1,1,24,6750,0,0,345,0,0,1,1,4344,4239,4239,0,1.976855,9.159152,1,3390,0,3390,0,3500,1,2076,375,5,0,2,7.220001,576
3203,2463,11,1,1,34,13750,0,0,346,0,0,1,1,4414,4414,4401,0,1.976855,7.824446,1,3216,0,3203,0,0,0,2463,0,17,0,15,7.220001,1156
3683,2150,14,1,1,54,11750,0,0,347,1,0,0,1,4247,4247,4247,0,1.976855,8.412055,1,3683,0,3683,0,11000,1,2150,0,34,0,31,7.220001,2916
3135,2325,12,1,1,40,13750,0,1,348,0,0,1,1,4620,4620,4620,1,1.976855,8.517393,0,3135,0,3135,0,5000,1,2325,0,22,0,16,7.220001,1600
3213,3273,8,0,1,48,9500,0,0,349,0,0,1,1,3594,3594,3556,1,1.479329,9.564583,1,3251,0,3213,1,1100,1,3273,0,34,0,0,4.389999,2304
3365,2203,15,0,0,27,10500,0,0,350,1,0,1,1,4512,4512,4512,1,1.536867,0,1,3365,0,3365,0,0,0,2203,0,6,1,0,4.649999,729
3278,1853,17,0,1,33,13750,0,0,351,0,0,1,1,4949,4929,4899,0,2.04122,10.26643,1,3328,0,3298,0,22000,1,1853,0,10,1,13,7.699997,1089
3150,3616,12,1,0,28,16250,0,1,352,0,0,1,1,3314,3001,3001,1,2.284421,0,0,3463,0,3463,0,0,0,3616,0,10,0,0,9.819999,784
3750,1963,16,0,1,62,0,0,0,353,0,0,0,1,4367,4367,4367,0,1.642873,10.07538,1,3750,0,3750,1,0,0,1963,0,40,0,38,5.170002,3844
3418,1126,17,0,0,64,6750,0,0,354,1,0,0,1,5536,3728,3728,1,1.196948,7.313887,1,5226,0,5226,0,0,0,1126,0,41,0,0,3.309999,4096
2910,2450,12,0,0,31,9500,0,0,355,1,0,1,1,4720,4570,4570,0,1.826161,0,1,3060,0,3060,1,0,0,2450,0,13,0,0,6.210001,961
3683,1125,16,1,1,29,13750,0,0,356,0,0,1,1,5272,5272,5272,0,1.826161,8.922792,1,3683,0,3683,1,7950,1,1125,0,7,0,3,6.210001,841
2311,3996,12,1,1,36,0,0,0,357,0,0,1,1,3773,3773,3773,1,2.016236,9.839003,1,2311,0,2311,0,0,0,3996,0,18,0,13,7.510005,1296
3368,3071,8,1,1,44,16250,0,1,358,0,0,1,1,3641,3476,3463,0,2.016236,0,1,3546,0,3533,0,0,0,3071,0,30,0,24,7.510005,1936
3453,2325,12,1,0,43,8250,0,0,359,0,0,1,1,4302,4302,4302,0,2.016236,8.987322,1,3453,0,3453,1,0,0,2325,0,25,0,0,7.510005,1849
3870,2253,11,1,1,46,9500,0,0,360,0,0,1,1,3957,3897,3757,0,2.016236,10.04329,1,4070,0,3930,0,11000,1,2253,0,29,0,26,7.510005,2116
2921,2263,12,0,0,29,3500,0,0,361,1,0,1,1,4896,4896,4896,0,0.955511,0,1,2921,0,2921,0,0,0,2263,0,11,0,0,2.599999,841
3438,2206,14,1,0,28,10500,0,0,362,0,0,1,1,4436,4436,4436,0,1.648659,0,0,3438,0,3438,0,0,0,2151,55,8,0,0,5.200002,784
3775,2711,13,1,1,26,8250,0,1,363,0,0,0,1,3594,3594,3594,0,1.648659,8.987322,1,3775,0,3775,0,7000,1,2711,0,7,1,4,5.200002,676
2945,1263,10,0,1,62,13750,0,0,364,1,0,1,1,5872,5647,5647,1,0.262364,9.528867,1,3170,0,3170,0,13000,1,1263,0,46,0,42,1.3,3844
3270,1960,17,0,1,23,9500,0,0,365,0,0,1,1,4850,4850,4850,1,0.955511,8.817446,1,3270,0,3270,0,4000,1,1960,0,0,0,2,2.599999,529
3405,1470,16,0,0,35,8250,1,0,366,1,0,1,1,5205,5115,5115,1,1.648659,7.131699,1,3495,0,3495,0,0,0,1470,0,13,0,0,5.200002,1225
3533,2980,14,1,1,32,0,0,0,367,0,0,1,1,3567,3567,3567,0,1.648659,0,1,3533,0,3533,1,0,0,2980,0,12,1,7,5.200002,1024
3320,2085,12,1,1,44,0,0,0,368,0,0,1,1,4675,4675,4300,0,1.648659,9.371694,1,3695,0,3320,0,0,0,2085,0,26,0,12,5.200002,1936
3030,2270,12,0,0,29,6750,0,0,369,1,0,1,1,4780,4690,4690,0,1.137833,0,1,3120,0,3120,1,0,0,2270,0,11,0,0,3.12,841
3563,3391,12,1,1,42,6750,0,1,370,0,0,1,1,3126,2981,2981,0,1.648659,9.159152,1,3708,1,3708,0,0,0,3391,0,24,0,17,5.200002,1764
3470,1660,16,0,0,24,6750,1,0,371,1,0,1,1,4950,4950,4950,1,1.137833,0,1,3470,0,3470,0,0,0,1660,0,2,0,0,3.12,576
3130,2450,14,0,1,27,8250,0,0,372,0,0,1,1,4500,4260,4260,0,0.732368,8.612685,1,3370,0,3370,1,8250,1,2450,0,7,0,8,2.08,729
3660,1163,14,0,1,49,11750,0,0,373,0,0,0,1,5257,5197,5144,0,1.648659,8.412055,1,3773,0,3720,0,15000,1,1163,0,29,0,31,5.200002,2401
4113,1288,8,1,1,43,0,0,0,374,0,0,1,1,4679,4679,4339,0,0.732368,8.412055,1,4453,0,4113,1,0,0,1288,0,29,0,13,2.08,1849
2661,2485,14,1,1,40,5500,0,0,375,1,0,1,1,4934,4694,4694,0,1.291984,7.91972,1,2901,0,2901,1,4750,1,2425,60,20,0,9,3.640001,1600
2115,2050,12,0,1,27,9500,0,0,376,0,0,0,1,5915,5915,5840,1,1.543298,7.71913,1,2190,0,2115,0,8000,1,2050,0,9,0,0,4.679999,729
3240,1038,8,0,1,49,2500,0,0,377,0,0,1,1,5802,5652,5652,0,0.955511,9.528867,1,3390,0,3390,0,14000,1,1038,0,35,0,28,2.599999,2401
3480,1213,12,0,1,27,11750,0,1,378,1,0,1,1,5387,5387,5387,0,1.60342,8.412055,0,3480,0,3480,0,11500,1,1213,0,9,0,8,4.970001,729
4048,1558,12,0,1,26,16250,0,1,379,0,0,1,1,4474,4214,4101,0,1.061257,7.824446,1,4421,0,4308,0,26000,1,1558,0,8,0,5,2.890002,676
2956,1175,8,0,1,44,5500,0,1,380,0,0,0,1,5949,5949,5754,0,1.061257,9.491828,1,3151,0,2956,0,13000,1,1175,0,30,0,24,2.890002,1936
2985,0,15,0,1,31,11750,0,0,381,0,0,1,1,7095,6955,6955,1,1.061257,8.853808,0,3125,0,3125,0,12000,1,0,0,10,0,7,2.890002,961
2745,0,13,0,1,28,8250,0,1,382,1,0,0,1,7335,7297,7282,0,1.061257,8.987322,1,2798,0,2783,0,11000,1,0,0,9,1,4,2.890002,784
3405,2460,12,0,1,47,5500,0,0,383,0,0,1,1,4215,4155,4155,0,1.061257,9.282754,1,3465,0,3465,0,9000,1,2250,210,29,0,27,2.890002,2209
3158,2325,12,0,1,31,6750,1,0,384,0,0,1,1,4597,4522,4522,0,1.061257,8.853808,0,3233,0,3233,0,8000,1,2325,0,13,0,11,2.890002,961
3138,2488,12,0,1,33,4500,0,0,385,1,0,1,1,4454,4154,4154,0,1.061257,9.371694,0,3438,0,3438,0,8400,1,2488,0,15,0,14,2.890002,1089
3143,2288,12,0,1,55,8250,0,1,386,0,0,1,1,4649,4649,4479,0,1.247032,9.259226,1,3313,0,3143,0,12000,1,2288,0,37,0,35,3.479999,3025
2865,2251,12,0,1,24,0,0,0,387,0,0,1,1,4964,4401,4401,0,0.615186,0,1,3428,0,3428,0,0,0,2251,0,6,0,5,1.850001,576
3853,1173,16,0,1,23,2500,0,1,388,0,0,1,1,5054,5054,5054,0,1.308333,8.35491,0,3853,0,3853,0,7500,1,1173,0,1,0,3,3.700001,529
3435,2946,11,1,1,42,9500,0,0,389,0,0,1,1,3699,3669,3669,0,1.156881,9.132487,1,3465,0,3465,0,6000,1,2946,0,25,0,22,3.179999,1764
3221,1150,12,0,1,26,8250,0,1,390,0,0,1,1,5709,5529,5454,0,1.156881,8.987322,1,3476,0,3401,0,8000,1,1150,0,8,0,9,3.179999,676
3320,2193,14,0,0,25,6750,0,0,391,0,0,1,1,4567,4567,4567,1,1.156881,0,0,3320,0,3320,0,0,0,2193,0,5,0,0,3.179999,625
2633,2663,10,1,1,32,0,0,0,392,0,0,1,1,4784,4139,4071,0,0.463734,9.259226,1,3346,0,3278,0,0,0,2513,150,16,0,13,1.59,1024
3158,2413,12,0,1,33,16250,0,1,393,0,0,1,1,4509,4509,4479,0,1.156881,8.922792,1,3188,0,3158,1,16500,1,2413,0,15,0,15,3.179999,1089
3353,2475,8,0,1,62,6750,0,0,394,0,0,1,1,4252,4252,4252,0,1.156881,8.229777,1,3353,0,3353,0,0,0,2475,0,48,0,0,3.179999,3844
3350,2050,14,0,1,35,16250,0,0,395,1,0,1,1,4680,4605,4455,0,1.156881,0,0,3575,0,3425,0,0,0,2050,0,15,0,17,3.179999,1225
2580,2575,9,1,1,26,9500,0,1,396,0,0,1,1,4925,4925,4925,1,1.156881,0,1,2580,0,2580,0,0,0,2575,0,11,0,4,3.179999,676
3633,2170,12,0,1,44,5500,0,1,397,0,0,1,1,4277,4277,4277,0,0.978326,8.517393,1,3633,0,3633,1,0,0,2170,0,26,0,19,2.66,1936
3955,1763,9,0,1,48,4500,0,0,398,0,0,1,1,4362,4302,4052,0,0.722706,8.229777,1,4265,0,4015,1,7500,1,1763,0,33,0,32,2.06,2304
4215,2525,8,0,1,51,3500,0,0,399,0,0,0,1,3340,3025,2695,0,0.476234,6.908755,1,4860,0,4530,1,0,0,2525,0,37,0,0,1.61,2601
2733,3226,6,0,0,47,4500,0,1,400,0,0,1,1,4121,3873,3873,0,-0.616186,0,1,2981,0,2981,0,0,0,3226,0,35,0,0,0.5400001,2209
3270,0,12,0,1,43,13750,0,0,401,0,0,1,1,6810,6810,6810,0,-1.049822,9.210441,1,3270,1,3270,0,13000,1,0,0,25,0,24,0.3500001,1849
3128,2173,16,0,1,32,10500,0,0,402,0,0,1,1,4779,4704,4704,1,1.752672,8.657129,1,3203,0,3203,1,6000,1,2173,0,10,0,9,5.77,1024
3515,2843,13,1,1,24,6750,0,0,403,0,1,1,1,3722,3722,3609,0,1.896119,9.741028,1,3628,0,3515,1,7000,1,2843,0,5,0,4,6.659997,576
4068,2568,16,0,1,28,4500,0,0,404,0,0,1,1,3444,3409,3409,0,0.598836,0,1,4103,1,4103,0,9360,1,2568,0,6,0,0,1.819999,784
3885,913,14,0,1,33,5500,0,0,405,1,0,1,1,5282,5132,5057,0,0.598836,7.91972,1,4110,0,4035,1,9000,1,913,0,13,0,9,1.819999,1089
3410,1497,12,0,1,28,5500,0,0,406,1,0,1,1,5173,5113,5053,0,0.41871,9.282754,1,3530,0,3470,0,12000,1,1497,0,10,1,0,1.52,784
3641,2686,13,0,1,24,6750,0,0,407,0,0,1,1,3753,3603,3603,0,1.294727,9.741028,1,3791,0,3791,1,13800,1,2686,0,5,0,4,3.649999,576
4091,75,13,0,1,24,6750,0,0,408,1,0,1,1,5914,5824,5794,0,0.779325,9.159152,1,4211,0,4181,0,15000,1,0,75,5,0,2,2.18,576
2708,2325,12,0,1,49,8250,0,0,409,1,0,1,1,5047,5047,5017,1,1.607436,10.44147,1,2738,0,2708,0,23000,1,2325,0,31,0,27,4.99,2401
2640,2538,16,0,0,27,9500,1,0,410,0,0,1,1,4902,4797,4797,1,1.607436,6.908755,0,2745,1,2745,0,0,0,2538,0,5,0,0,4.99,729
2918,2038,16,1,0,23,4500,0,0,411,0,0,1,1,5124,5124,5124,0,1.607436,0,0,2918,0,2918,1,0,0,2038,0,1,0,0,4.99,529
2983,2025,12,0,1,32,9500,0,1,412,1,0,1,1,5072,5072,4979,0,1.627278,9.132487,1,3076,0,2983,0,10000,1,2025,0,14,0,12,5.090001,1024
3420,2205,11,1,0,39,6750,0,0,413,0,0,1,1,4455,4395,4057,0,1.406097,0,1,3818,0,3480,0,0,0,2205,0,22,0,0,4.08,1521
3322,1838,12,1,1,35,0,0,0,414,0,0,0,1,4920,4143,4068,0,1.054312,9.018089,1,4174,0,4099,1,0,0,1838,0,17,1,14,2.87,1225
3553,1570,12,0,1,24,11750,0,1,415,0,0,0,1,4957,4957,4957,1,1.137833,8.853808,0,3553,0,3553,0,13000,1,1570,0,6,0,4,3.12,576
3945,1125,12,0,1,33,11750,0,0,416,1,0,1,1,5010,4745,4745,0,1.83098,9.392745,1,4210,0,4210,1,15000,1,1125,0,15,0,0,6.239998,1089
3018,2388,16,1,1,40,27500,0,0,417,0,0,1,1,4674,4674,4674,1,2.747271,0,1,3018,0,3018,0,0,0,2388,0,18,0,16,15.6,1600
2870,1830,13,0,0,25,8250,0,0,418,1,0,1,1,5380,5080,5080,1,1.83098,0,0,3170,0,3170,0,0,0,1830,0,6,0,0,6.239998,625
2891,2163,12,0,1,30,8250,0,1,419,0,0,1,1,5026,5026,5026,0,1.83098,9.64866,1,2891,0,2891,0,0,0,2163,0,12,1,9,6.239998,900
3323,1370,16,0,1,24,13750,0,0,420,0,0,1,1,5387,5387,5387,1,1.83098,9.528867,1,3323,0,3323,0,13500,1,1370,0,2,0,3,6.239998,576
3155,3075,16,1,1,25,13750,0,0,421,0,0,1,1,3850,3850,3850,1,2.013569,9.528867,1,3155,0,3155,0,12000,1,3075,0,3,0,3,7.490002,625
4110,2505,12,0,0,34,5500,0,1,422,0,0,1,1,3465,3390,3360,0,1.353254,0,0,4215,0,4185,0,0,0,2505,0,16,0,0,3.869998,1156
3328,2146,12,0,1,52,9500,0,0,423,0,0,1,1,4606,4606,4606,0,1.474763,9.371694,0,3328,0,3328,0,17000,1,2146,0,34,0,27,4.37,2704
3015,1975,15,1,1,25,3500,0,0,424,0,0,1,1,5090,5030,5005,0,1.726332,8.699681,0,3100,0,3075,1,600,1,1975,0,4,1,3,5.620002,625
3195,1650,16,1,1,37,21250,0,0,425,0,0,1,1,5235,5235,5235,1,2.419479,0,0,3195,0,3195,0,0,0,1650,0,15,1,7,11.24,1369
2710,2775,17,1,1,26,9500,0,0,426,0,0,1,1,4595,4550,4550,1,0.916291,8.817446,1,2755,0,2755,0,6000,1,2658,117,3,0,2,2.500001,676
2890,2380,12,0,0,26,6750,0,1,427,0,0,1,1,4810,4690,4690,1,1.321756,7.313887,1,3010,0,3010,0,0,0,2380,0,8,0,0,3.750001,676
3578,1321,12,1,1,65,0,0,0,428,0,0,1,1,5181,4638,4638,0,0.223144,9.371694,1,4121,0,4121,0,0,0,1013,308,47,0,35,1.250001,4225
2708,2458,12,0,1,32,1000,1,0,429,1,0,1,1,4914,4914,4914,1,0.993252,8.888895,1,2708,0,2708,0,8100,1,2458,0,14,0,0,2.700001,1024
4100,3170,10,1,1,27,6750,0,1,430,0,0,1,1,2810,2810,2810,0,1.321756,0,0,4100,0,4100,0,0,0,3170,0,11,1,2,3.750001,729
3818,360,4,0,0,57,1000,0,0,431,0,0,1,1,5902,5872,5807,0,-0.967584,0,1,3913,0,3848,1,0,0,360,0,47,0,0,0.38,3249
3060,750,8,0,1,36,2500,0,0,432,0,0,1,1,6270,6270,6270,0,0.518794,8.987322,1,3060,0,3060,1,0,0,750,0,22,0,16,1.68,1296
3765,2100,13,1,1,51,4500,1,0,433,0,0,1,1,4215,3955,3880,1,1.348073,8.517393,1,4100,0,4025,1,5250,1,2100,0,32,0,0,3.849999,2601
2710,2368,11,0,1,52,13750,0,1,434,0,0,1,1,5002,4819,4744,0,1.954445,8.922792,1,2968,0,2893,0,18500,1,2318,50,35,0,35,7.059999,2704
3753,1325,17,0,1,24,6750,0,0,435,1,0,1,1,5002,5002,4947,0,0.587787,0,0,3808,0,3753,0,0,0,1325,0,1,0,1,1.800001,576
3943,2451,12,0,1,27,11750,1,0,436,1,0,1,1,3686,3686,3626,0,0.587787,0,1,4003,0,3943,0,11900,1,2451,0,9,0,4,1.800001,729
3505,1993,13,0,1,29,3500,0,1,437,1,0,1,1,4582,4494,4464,0,0.593327,9.632401,1,3623,0,3593,0,18500,1,1993,0,10,0,10,1.81,841
3693,2533,13,1,1,30,8250,0,1,438,0,0,0,1,3854,3854,3629,0,1.611436,8.160804,1,3918,0,3693,1,0,0,2533,0,11,0,6,5.010001,900
3150,1671,12,0,1,30,6750,1,0,439,1,0,1,1,5259,5259,5111,1,1.492904,8.517393,1,3298,0,3150,0,6000,1,1671,0,12,0,7,4.449999,900
2780,1950,16,1,0,33,16250,0,0,440,0,0,1,1,5350,5350,5350,0,1.585145,0,0,2780,0,2780,0,0,0,1950,0,11,0,0,4.879999,1089
2955,1313,11,1,1,37,13750,0,0,441,0,0,1,1,5812,5812,5317,1,2.017566,8.922792,0,3450,0,2955,0,3000,1,1313,0,20,0,16,7.519999,1369
2948,1813,14,0,0,27,6750,0,0,442,1,0,1,1,5319,5174,5174,1,1.48614,0,0,3093,0,3093,0,0,0,1813,0,7,0,0,4.420002,729
3045,2049,12,1,1,37,13750,0,0,443,1,0,1,1,4986,4986,4986,1,1.819699,0,0,3045,0,3045,0,360,1,2049,0,19,0,7,6.170002,1369
3595,1963,12,0,1,44,5500,0,0,444,0,0,1,1,4522,4462,4432,0,1.193922,9.491828,0,3685,0,3655,0,14500,1,1963,0,26,0,22,3.299999,1936
2985,0,8,1,1,62,16250,0,0,445,0,0,1,1,7095,7095,7095,0,1.530395,0,0,2985,0,2985,0,0,0,0,0,48,0,41,4.620001,3844
3346,2288,12,0,1,54,13750,0,0,446,1,0,1,1,4446,4446,4446,1,1.88707,9.528867,0,3346,0,3346,0,1500,1,2288,0,36,0,32,6.600002,2916
3195,2195,14,1,0,23,10500,0,0,447,1,0,1,1,4690,4690,4685,1,1.599388,8.086718,0,3200,0,3195,0,0,0,2195,0,3,0,0,4.950002,529
3073,2088,12,0,0,42,13750,0,0,448,1,0,1,1,4919,4829,4329,1,1.88707,0,0,3663,0,3163,0,0,0,2088,0,24,0,0,6.600002,1764
3608,2100,12,0,0,32,18750,0,0,449,0,0,1,1,4372,4372,4372,1,2.357073,0,0,3608,0,3608,0,0,0,2100,0,14,0,0,10.56,1024
2928,2606,17,1,0,28,13750,0,0,450,0,0,1,1,4546,4546,4546,0,0.970779,0,1,2928,0,2928,0,0,0,2606,0,5,0,0,2.64,784
3525,1875,12,0,1,32,0,1,0,451,1,0,1,1,4680,4680,4680,0,0.970779,9.528867,0,3525,0,3525,0,12000,1,1875,0,14,0,14,2.64,1024
3953,2351,14,0,1,57,18750,0,0,452,1,0,1,1,3776,3776,3776,1,1.193922,8.517393,1,3953,0,3953,1,20000,1,2351,0,37,0,34,3.299999,3249
3218,2300,13,0,1,50,13750,0,1,453,1,0,1,1,4562,4562,4517,1,2.069391,9.528867,1,3263,0,3218,0,27000,1,2300,0,31,0,29,7.919999,2500
3848,2126,17,0,0,35,6750,0,0,454,1,0,1,1,4106,4061,3984,1,1.376244,7.313887,1,3970,0,3893,0,0,0,2126,0,12,0,0,3.96,1225
3740,515,12,0,0,28,0,0,0,455,0,1,1,1,5825,5825,5825,1,1.193922,0,1,3740,0,3740,0,0,0,515,0,10,1,0,3.299999,784
3570,2560,12,0,1,60,5500,0,0,456,1,0,1,1,3950,3950,3830,0,0.970779,8.2943,1,3690,0,3570,0,0,0,2560,0,42,0,38,2.64,3600
3218,2026,17,0,0,39,18750,0,1,457,0,0,1,1,4836,4596,4596,0,2.417698,0,1,3458,0,3458,0,0,0,2026,0,16,0,0,11.22,1521
3255,2100,12,1,1,29,11750,0,1,458,0,0,1,1,4725,4725,4725,0,1.88707,8.412055,0,3255,0,3255,0,9500,1,2100,0,11,0,8,6.600002,841
3363,1673,12,1,0,43,8250,0,0,459,0,1,1,1,5044,4594,4519,1,1.043804,0,1,3888,0,3813,0,0,0,1223,450,25,0,0,2.84,1849
3286,2275,12,0,1,47,21250,0,0,460,0,0,1,1,4519,4519,4519,1,1.308333,8.740497,0,3286,0,3286,0,20000,1,2275,0,29,0,7,3.700001,2209
3255,2750,11,0,1,33,8250,0,0,461,0,0,1,1,4075,4075,3482,0,1.627278,9.259226,1,3848,1,3255,1,20000,1,2750,0,16,0,16,5.090001,1089
3548,2178,12,0,1,45,2500,0,0,462,1,0,1,1,4354,4354,4331,1,0.741937,9.328213,0,3571,0,3548,0,16000,1,2178,0,27,0,25,2.099999,2025
3181,1208,9,0,1,54,1000,0,0,463,0,0,1,1,5691,5691,5691,0,0.336472,9.282754,1,3181,1,3181,0,11800,1,1208,0,39,0,39,1.4,2916
3188,1175,12,0,1,45,2500,0,0,464,0,0,1,1,5717,5657,5657,0,0.364643,8.987322,0,3248,0,3248,0,11000,1,1175,0,27,0,0,1.44,2025
3318,0,14,0,1,51,8250,0,0,465,0,0,1,1,6762,6479,6191,1,1.791759,9.865318,1,3889,0,3601,0,19000,1,0,0,31,0,32,5.999997,2601
4030,2193,12,0,0,24,4500,0,0,466,0,0,1,1,3857,3857,3857,0,1.118415,9.132487,1,4030,0,4030,0,0,0,2193,0,6,1,0,3.06,576
2746,2288,9,0,1,32,13750,0,1,467,0,0,0,1,5046,5046,5026,0,1.061257,7.824446,0,2766,0,2746,0,14000,1,2288,0,17,0,14,2.890002,1024
3410,0,12,0,1,42,16250,0,0,468,1,0,1,1,6670,6670,6175,1,0.774727,7.824446,1,3905,0,3410,0,19000,1,0,0,24,0,23,2.17,1764
3943,2013,12,0,0,60,2500,0,0,469,0,0,1,1,4124,3979,3979,1,-0.040822,7.601402,1,4088,1,4088,0,0,0,2013,0,42,0,0,0.96,3600
2423,2138,11,0,0,48,2500,0,0,470,0,0,1,1,5519,5519,5369,0,0.652325,9.528867,1,2573,1,2423,0,0,0,2138,0,31,0,0,1.92,2304
3388,2233,12,0,1,39,13750,1,1,471,1,0,1,1,4459,4369,4369,1,1.163151,8.517393,0,3478,0,3478,0,15000,1,2233,0,21,0,16,3.200001,1521
3280,1905,16,0,1,36,4500,0,0,472,0,0,1,1,4895,4895,4895,1,1.337629,9.726214,0,3280,0,3280,0,0,0,1905,0,14,0,14,3.809999,1296
3376,375,13,0,1,56,3500,0,1,473,1,0,1,1,6329,6329,6329,0,1.166271,9.23513,1,3376,0,3376,0,18000,1,375,0,37,0,37,3.21,3136
3458,1538,12,0,1,48,13750,0,1,474,0,0,1,1,5084,5084,5084,0,0.837247,8.517393,0,3458,0,3458,0,16000,1,1538,0,30,0,27,2.309999,2304
3710,788,16,0,1,34,18750,0,0,475,0,0,1,1,5582,5582,5582,1,0.837247,8.517393,0,3710,0,3710,0,18000,1,788,0,12,0,15,2.309999,1156
3196,2293,10,0,1,33,6750,0,0,476,0,0,1,1,4591,4078,4033,0,0.431782,0,1,3754,0,3709,0,0,0,2293,0,17,0,0,1.539999,1089
3206,838,17,1,0,48,5500,0,0,477,0,0,0,1,6036,6006,5641,0,1.308333,0,1,3601,0,3236,0,0,0,838,0,25,0,0,3.700001,2304
2881,2866,8,1,1,31,5500,0,0,478,0,0,1,1,4333,3160,3160,1,0.770108,0,1,4054,0,4054,0,0,0,2866,0,17,1,11,2.159999,961
3113,2031,10,0,1,56,2500,0,0,479,0,0,1,1,4936,4831,4831,0,0.593327,9.328213,1,3218,0,3218,1,13500,1,2031,0,40,0,36,1.81,3136
3128,1738,11,0,1,46,2500,0,0,480,0,0,1,1,5214,5214,5051,0,0.797507,9.528867,1,3291,0,3128,1,14000,1,1738,0,29,0,26,2.22,2116
3203,1525,10,0,1,38,0,1,0,481,1,0,1,1,5352,5247,5237,1,-0.083382,9.259226,1,3318,0,3308,0,0,0,1525,0,22,0,21,0.9199997,1444
3330,330,12,0,1,23,1000,0,0,482,1,0,0,1,6420,5935,5885,1,1.018847,9.282754,1,3865,0,3815,0,12000,1,330,0,5,0,2,2.769999,529
4180,2570,10,1,0,30,13750,0,0,483,0,0,1,1,3330,3150,3150,0,2.811208,8.922792,1,4360,1,4360,0,0,0,2570,0,14,0,0,16.63,900
3368,1093,11,0,1,33,13750,0,0,484,1,0,1,1,5619,5619,5589,1,0.837247,8.922792,0,3398,0,3368,0,13000,1,1093,0,16,0,16,2.309999,1089
3295,2805,8,0,1,50,13750,0,1,485,1,0,1,1,3980,3980,3950,1,1.425515,8.517393,0,3325,0,3295,0,18000,1,2805,0,36,0,23,4.16,2500
3103,825,12,0,1,51,2500,0,0,486,0,0,1,1,6152,5747,5647,0,0.672944,9.328213,0,3608,0,3508,1,13000,1,825,0,33,0,0,1.959999,2601
3373,68,16,0,1,35,0,0,0,487,0,0,1,1,6639,6571,6534,0,1.752672,10.07538,1,3478,0,3441,0,24000,1,68,0,13,0,15,5.77,1225
3210,3203,16,0,1,53,42500,0,0,488,0,0,1,1,3667,3667,3579,0,1.214913,0,1,3298,0,3210,1,37000,1,3203,0,31,0,30,3.370001,2809
2698,1553,12,0,1,33,4500,0,1,489,0,0,1,1,5829,5829,5724,0,1.061257,9.865318,0,2803,0,2698,0,24000,1,1553,0,15,0,15,2.890002,1089
3633,1025,12,0,1,49,1000,0,0,490,1,0,1,1,5422,4447,4042,0,0.8671,9.282754,1,5013,0,4608,0,2613,1,1025,0,31,0,26,2.379999,2401
2413,2701,8,0,1,44,2500,0,0,491,0,0,1,1,4966,4936,4921,0,1.147403,8.987322,1,2458,0,2443,0,0,0,1776,925,30,0,24,3.150002,1936
3818,125,12,0,1,28,13750,0,0,492,0,0,1,1,6137,6077,6032,1,-0.597837,0,0,3923,1,3878,0,14300,1,125,0,10,0,7,0.55,784
3420,0,12,1,1,64,10500,0,0,493,0,0,1,1,6660,6600,6525,0,1.241269,9.282754,0,3555,0,3480,0,0,0,0,0,46,0,35,3.460001,4096
3215,375,12,0,1,61,2500,0,0,494,0,0,1,1,6490,6477,6477,0,1.241269,8.987322,1,3228,0,3228,0,0,0,375,0,43,0,0,3.460001,3721
2623,1920,12,0,0,32,1000,0,0,495,0,0,1,1,5537,4892,4892,0,0.548121,8.888895,1,3268,0,3268,0,0,0,1920,0,14,0,0,1.729999,1024
2643,1408,11,1,1,34,9500,0,0,496,0,1,1,1,6029,6029,5991,0,1.241269,0,0,2681,1,2643,1,0,0,1408,0,17,0,16,3.460001,1156
3353,1995,12,0,1,43,3500,0,1,497,0,0,1,1,4732,4732,4732,1,0.908259,9.784197,1,3353,0,3353,0,18000,1,1995,0,25,0,22,2.480001,1849
3558,1600,17,1,1,25,1000,0,0,498,0,0,1,1,4922,4892,4892,1,1.098612,9.047939,1,3588,0,3588,0,8000,1,1600,0,2,0,3,2.999999,625
2828,1243,17,0,1,39,16250,0,0,499,0,0,1,1,6009,5859,5784,1,1.752672,8.517393,1,3053,0,2978,0,16000,1,1243,0,16,0,19,5.77,1521
3148,1988,17,1,1,60,21250,0,0,500,0,0,1,1,4944,4884,4884,0,3.234749,0,1,3208,0,3208,0,0,0,1988,0,37,0,34,25.4,3600
3773,0,12,0,1,25,5500,0,0,501,0,0,1,1,6307,5932,5857,1,0.837247,9.282754,1,4223,0,4148,0,15000,1,0,0,7,0,5,2.309999,625
3405,375,14,0,1,55,2500,0,0,502,1,0,1,1,6300,6187,6187,0,0.837247,9.328213,1,3518,0,3518,0,12000,1,375,0,35,0,33,2.309999,3025
3278,1051,17,0,1,45,32500,0,0,503,0,0,1,1,5751,5546,5546,1,1.530395,9.210441,0,3483,0,3483,0,34000,1,1051,0,22,0,21,4.620001,2025
2868,1733,8,0,1,52,2500,0,0,504,0,0,0,1,5479,5104,5094,1,0.837247,9.328213,0,3253,0,3243,0,16000,1,1733,0,38,0,27,2.309999,2704
3900,363,5,0,0,63,3500,0,0,505,0,0,0,1,5817,5682,5682,1,1.530395,6.908755,1,4035,0,4035,0,0,0,363,0,52,0,0,4.620001,3969
2508,1230,16,0,1,26,18750,0,0,506,0,0,1,1,6342,6229,6204,1,2.016236,8.517393,0,2646,0,2621,0,18500,1,1230,0,4,1,5,7.510005,676
3555,1816,6,0,1,26,6750,1,1,507,0,0,1,1,4709,4709,4679,0,0.920283,0,1,3585,0,3555,1,7000,1,1816,0,14,1,10,2.510001,676
3630,625,8,0,0,58,0,0,0,508,0,0,0,1,5825,5300,5300,1,1.000632,0,0,4155,0,4155,0,0,0,625,0,44,0,0,2.720001,3364
3215,0,11,0,0,60,1000,0,0,509,0,0,1,1,6865,6865,6865,0,0.139762,7.824446,1,3215,0,3215,0,0,0,0,0,43,0,0,1.15,3600
3180,0,12,0,1,31,9500,0,1,510,0,0,1,1,6900,6900,6900,1,1.619388,8.35491,0,3180,0,3180,0,13500,1,0,0,13,0,9,5.049999,961
3938,588,12,0,1,57,1000,0,0,511,0,0,1,1,5554,5554,5524,0,1.217876,9.915959,1,3968,0,3938,1,12000,1,288,300,39,0,39,3.380001,3249
3466,1050,16,0,1,39,2500,0,0,512,0,0,1,1,5564,5465,5465,0,1.061257,8.006701,1,3565,0,3565,0,6000,1,1050,0,17,0,18,2.890002,1521
2678,800,15,0,1,25,13750,0,0,513,0,0,1,1,6602,6602,6602,0,-0.083382,7.824446,0,2678,0,2678,0,13000,1,800,0,4,1,6,0.9199997,625
3223,900,16,0,1,48,1000,0,0,514,1,0,1,1,5957,5882,5882,1,0.837247,10.35777,0,3298,0,3298,0,28000,1,900,0,26,0,25,2.309999,2304
3428,638,17,0,1,28,18750,0,0,515,0,0,1,1,6014,5949,5949,1,1.12493,0,1,3493,0,3493,1,21000,1,638,0,5,0,6,3.080001,784
3967,1751,6,0,0,37,1000,1,0,516,0,0,0,1,4362,3962,3962,0,0.431782,7.313887,0,4367,0,4367,0,0,0,1751,0,25,0,0,1.539999,1369
3525,900,12,0,1,49,1000,0,0,517,1,0,1,1,5655,5530,5380,1,1.12493,10.03236,1,3800,0,3650,0,17000,1,900,0,31,0,24,3.080001,2401
3143,900,12,0,1,48,3500,0,0,518,1,0,1,1,6037,5827,5827,1,1.740466,10.08585,0,3353,0,3353,0,20000,1,900,0,30,0,27,5.699999,2304
3700,388,12,0,1,26,0,0,0,519,0,0,0,1,5992,5977,5962,0,0.797507,8.817446,1,3730,1,3715,0,7500,1,388,0,8,0,4,2.22,676
3245,305,17,0,1,27,1000,0,0,520,0,0,1,1,6530,6530,6455,1,1.82777,9.632401,0,3320,0,3245,0,1500,1,305,0,4,1,6,6.220001,729
2010,808,12,0,1,40,1000,1,0,521,1,0,1,1,7262,6777,6777,0,1.241269,9.159152,1,2495,0,2495,1,10020,1,808,0,22,0,22,3.460001,1600
3055,875,12,0,1,38,1000,0,0,522,0,0,1,1,6150,6150,6100,0,0.837247,9.282754,0,3105,1,3055,0,12000,1,875,0,20,0,16,2.309999,1444
3458,613,12,0,1,40,2500,0,0,523,0,0,1,1,6009,5839,5839,0,0.837247,9.328213,0,3628,0,3628,0,14500,1,613,0,22,0,22,2.309999,1600
4235,1183,12,0,1,30,0,0,0,524,0,0,1,1,4662,4662,4604,0,0.732368,9.159152,0,4293,0,4235,0,9500,1,1183,0,12,1,6,2.08,900
3890,1050,16,0,1,30,10500,0,0,525,0,0,1,1,5140,5140,5140,0,0.837247,8.086718,1,3890,0,3890,0,11000,1,1050,0,8,1,9,2.309999,900
4005,520,10,0,1,34,0,0,0,526,0,0,1,1,5555,4280,3780,0,1.061257,9.371694,1,5780,0,5280,0,15000,1,520,0,18,0,19,2.890002,1156
3773,353,17,0,1,33,6750,1,0,527,0,0,1,1,5954,5954,5934,1,3.1394,10.48433,0,3793,0,3773,0,27000,1,353,0,10,0,14,23.09001,1089
3465,2700,10,0,1,26,10500,0,0,528,0,0,1,1,3915,3915,3540,0,2.446686,9.018089,1,3840,0,3465,1,5000,1,2700,0,10,1,11,11.55001,676
3460,0,14,0,1,27,1000,0,0,529,0,0,1,1,6620,6560,6560,1,0.329304,9.282754,1,3520,0,3520,0,8570,1,0,0,7,0,0,1.39,729
3360,0,12,0,1,23,1000,0,0,530,1,0,1,1,6720,6662,6524,0,1.061257,9.159152,1,3556,0,3418,0,11000,1,0,0,5,0,6,2.890002,529
3863,0,1,0,1,62,1000,0,0,531,0,0,0,1,6217,6007,6007,0,0.652325,7.824446,1,4073,0,4073,0,0,0,0,0,55,0,43,1.92,3844
3105,0,17,0,1,39,42500,0,0,532,1,0,1,1,6975,6775,6775,0,0.837247,0,1,3305,0,3305,0,35000,1,0,0,16,0,18,2.309999,1521
3715,2443,17,1,1,34,0,0,0,533,0.182331,0.030075,1,0,3922,3612,3612,0,0,0,1,4025,1,4025,0,0,0,2403,40,11,0,14,0,1156
3450,995,15,1,1,44,0,1,0,534,0.182331,0.030075,1,0,5635,5635,5635,1,0,10.65728,0,3450,0,3450,0,0,0,995,0,23,0,22,0,1936
3735,1975,15,1,1,58,0,0,0,535,0.182331,0.030075,1,0,4370,4370,4370,0,0,9.839003,1,3735,1,3735,0,0,0,1975,0,37,0,29,0,3364
4095,1313,16,0,1,29,13750,0,0,536,0.182331,0.030075,1,0,4672,4627,4627,1,0,9.210441,0,4140,0,4140,0,16000,1,1313,0,7,0,5,0,841
2770,4000,12,1,1,39,9500,0,0,537,0.182331,0.030075,1,0,3310,3310,3310,0,0,8.35491,1,2770,0,2770,0,0,0,4000,0,21,0,20,0,1521
2760,3518,17,1,1,41,42500,0,0,538,0.182331,0.030075,1,0,3802,3802,3802,0,0,0,1,2760,1,2760,0,200,1,3518,0,18,0,18,0,1681
4100,188,12,1,1,55,9500,0,0,539,0.182331,0.030075,1,0,5792,5792,5762,0,0,9.371694,1,4130,0,4100,0,1000,1,188,0,37,0,26,0,3025
2800,0,12,0,1,28,10500,0,0,540,0.182331,0.030075,1,0,7280,7280,7280,0,0,0,0,2800,1,2800,0,12000,1,0,0,10,1,10,0,784
2865,3438,12,1,1,41,0,0,0,541,0.182331,0.030075,1,0,3777,3777,3757,0,0,9.69591,1,2885,0,2865,0,0,0,3438,0,23,0,21,0,1681
3430,1150,8,1,1,46,9500,0,0,542,0.182331,0.030075,1,0,5500,4803,4803,0,0,8.35491,1,4127,0,4127,0,3500,1,1150,0,32,0,28,0,2116
4266,2880,5,1,0,56,6750,0,0,543,0.182331,0.030075,1,0,2934,2726,2726,0,0,0,1,4474,0,4474,1,0,0,2880,0,45,0,0,0,3136
2911,2100,12,0,0,52,0,0,0,544,0.182331,0.030075,1,0,5069,5069,5069,1,0,0,1,2911,0,2911,0,0,0,2100,0,34,0,0,0,2704
2746,2740,12,1,1,33,13750,0,1,545,0.182331,0.030075,1,0,4594,4424,4424,1,0,0,0,2916,0,2916,0,0,0,2740,0,15,0,7,0,1089
2663,0,9,0,1,47,8250,0,1,546,0.182331,0.030075,1,0,7417,7042,7042,1,0,0,1,3038,0,3038,0,0,0,0,0,32,0,28,0,2209
2940,2475,12,1,1,35,0,0,0,547,0.182331,0.030075,1,0,4665,4215,4215,0,0,10.65728,1,3390,1,3390,0,3500,1,2475,0,17,0,12,0,1225
2640,3180,16,1,1,27,42500,0,0,548,0.182331,0.030075,1,0,4260,4200,4200,0,0,0,1,2700,0,2700,0,2000,1,3180,0,5,1,5,0,729
2930,1950,17,0,1,34,13750,0,1,549,0.182331,0.030075,1,0,5200,5200,5200,0,0,0,1,2930,0,2930,0,14000,1,1950,0,11,0,13,0,1156
2955,2225,14,0,0,26,3500,0,1,550,0.182331,0.030075,1,0,4900,4900,4900,1,0,6.908755,1,2955,0,2955,0,0,0,2225,0,6,0,0,0,676
3595,2478,12,1,1,60,18750,0,0,551,0.182331,0.030075,1,0,4007,4007,3872,0,0,8.517393,0,3730,1,3595,0,0,0,2478,0,42,0,38,0,3600
2905,3648,12,1,1,27,11750,0,0,552,0.182331,0.030075,1,0,3527,3527,3527,0,0,0,1,2905,0,2905,0,0,0,3648,0,9,1,7,0,729
2533,1565,12,0,1,42,5500,0,0,553,0.182331,0.030075,1,0,5982,5877,5767,1,0,9.811976,1,2748,0,2638,0,20000,1,1565,0,24,0,24,0,1764
2820,3615,14,0,1,31,27500,0,0,554,0.182331,0.030075,1,0,3645,3645,3625,0,0,0,0,2840,1,2820,0,25000,1,3615,0,11,0,0,0,961
2755,2705,11,1,0,29,5500,0,0,555,0.182331,0.030075,0,0,4620,4270,4270,1,0,8.517393,1,3105,0,3105,0,0,0,2705,0,12,0,0,0,841
2806,2476,12,1,1,31,8250,0,1,556,0.182331,0.030075,1,0,4798,4753,4753,0,0,9.64866,1,2851,0,2851,0,13000,1,2476,0,13,1,9,0,961
4200,0,5,1,1,65,2500,0,0,557,0.182331,0.030075,0,0,5880,5730,5730,0,0,6.908755,0,4350,0,4350,1,0,0,0,0,54,0,36,0,4225
2448,3325,16,1,1,41,0,0,0,558,0.182331,0.030075,1,0,4307,4142,4142,1,0,10.65728,0,2613,1,2613,0,0,0,3325,0,19,0,16,0,1681
4095,1413,16,1,1,36,4500,0,0,559,0.182331,0.030075,1,0,4572,4572,4534,1,0,9.726214,0,4133,0,4095,0,5000,1,1413,0,14,0,14,0,1296
2355,2726,14,0,1,54,27500,0,0,560,0.182331,0.030075,1,0,4999,4999,4939,1,0,0,0,2415,1,2355,0,11300,1,2726,0,34,0,30,0,2916
4050,0,13,0,1,24,8250,0,1,561,0.182331,0.030075,1,0,6030,5940,5940,0,0,8.612685,0,4140,0,4140,0,6000,1,0,0,5,0,3,0,576
3990,1725,7,0,1,56,5500,0,0,562,0.182331,0.030075,0,0,4365,4185,3960,0,0,0,1,4395,1,4170,1,0,0,1725,0,43,0,38,0,3136
3975,0,12,0,1,28,6750,0,0,563,0.182331,0.030075,1,0,6105,6105,5840,1,0,8.517393,1,4240,0,3975,0,8000,1,0,0,10,0,7,0,784
2738,2475,10,1,1,41,13750,0,1,564,0.182331,0.030075,1,0,4867,4837,4837,0,0,0,0,2768,0,2768,0,0,0,2475,0,25,0,18,0,1681
2848,638,16,0,1,24,0,1,0,565,0.182331,0.030075,1,0,6594,6369,6369,0,0,10.65728,0,3073,0,3073,0,13000,1,638,0,2,0,1,0,576
2818,2505,12,1,1,32,42500,0,0,566,0.182331,0.030075,1,0,4757,4607,4607,0,0,0,1,2968,1,2968,0,0,0,2505,0,14,0,12,0,1024
2470,2026,16,1,1,38,0,0,0,567,0.182331,0.030075,1,0,5584,5584,4724,1,0,10.22198,0,3330,0,2470,0,0,0,2026,0,16,0,17,0,1444
3855,360,17,0,1,33,42500,0,0,568,0.182331,0.030075,1,0,5865,5825,5470,1,0,0,1,4250,0,3895,0,65000,1,360,0,10,0,5,0,1089
3803,2446,5,1,1,43,0,0,1,569,0.182331,0.030075,1,0,3831,3681,3681,0,0,0,1,3953,0,3953,0,0,0,2446,0,32,0,22,0,1849
2940,1725,17,0,1,41,1000,0,0,570,0.182331,0.030075,1,0,5415,5415,4875,1,0,10.63347,0,3480,0,2940,0,75000,1,1725,0,18,0,19,0,1681
3791,2808,15,1,0,34,8250,0,0,571,0.182331,0.030075,1,0,3481,3401,3326,1,0,0,0,3946,1,3871,0,0,0,2808,0,13,0,0,0,1156
3785,800,12,1,1,31,0,0,0,572,0.182331,0.030075,1,0,5495,5495,5465,1,0,9.69591,0,3815,0,3785,0,0,0,800,0,13,0,8,0,961
3755,1138,13,1,1,55,0,0,0,573,0.182331,0.030075,1,0,5187,5187,5187,1,0,10.22198,0,3755,1,3755,0,0,0,0,1138,36,0,32,0,3025
3745,900,8,0,1,62,0,0,0,574,0.182331,0.030075,1,0,5435,5435,5435,0,0,0,1,3745,1,3745,0,0,0,900,0,48,0,36,0,3844
3743,3118,17,1,1,54,32500,0,1,575,0.182331,0.030075,1,0,3219,3219,3219,0,0,9.210441,1,3743,1,3743,1,0,0,2068,1050,31,0,22,0,2916
2113,2488,14,1,1,33,0,0,0,576,0.182331,0.030075,1,0,5479,5299,5299,1,0,0,0,2293,0,2293,0,0,0,2488,0,13,0,4,0,1089
4350,480,12,1,1,60,13750,0,1,577,0.182331,0.030075,1,0,5250,4360,4360,0,0,0,1,5240,0,5240,0,0,0,480,0,42,0,38,0,3600
3860,1334,12,0,0,28,2500,0,0,578,0.182331,0.030075,0,0,4886,4886,4831,0,0,0,1,3915,0,3860,0,0,0,1334,0,10,0,0,0,784
2053,2276,12,1,1,32,10500,0,0,579,0.182331,0.030075,1,0,5751,5751,5693,1,0,9.282754,0,2111,0,2053,0,8000,1,2213,63,14,1,0,0,1024
3705,940,12,0,0,32,0,0,0,580,0.182331,0.030075,1,0,5435,5435,5282,0,0,0,1,3858,0,3705,0,0,0,940,0,14,0,0,0,1024
3703,2948,12,0,0,30,5500,0,0,581,0.182331,0.030075,1,0,3429,3339,2551,1,0,9.66466,0,4581,1,3793,0,0,0,2948,0,12,0,0,0,900
2381,2760,12,0,0,33,6750,0,1,582,0.182331,0.030075,1,0,4939,4849,4849,0,0,9.94035,0,2471,0,2471,0,0,0,2760,0,15,0,0,0,1089
3670,2175,14,1,0,38,21250,0,0,583,0.182331,0.030075,1,0,4235,4175,4175,1,0,0,1,3730,0,3730,0,0,0,2175,0,18,0,0,0,1444
3655,460,16,0,1,47,27500,0,0,584,0.182331,0.030075,1,0,5965,5965,5965,1,0,8.517393,1,3655,0,3655,0,28000,1,460,0,25,0,29,0,2209
3650,1773,16,0,1,40,0,0,0,585,0.182331,0.030075,1,0,4657,4657,4602,0,0,0,0,3705,1,3650,0,0,0,1773,0,18,0,18,0,1600
3643,3085,11,1,1,28,1000,0,0,586,0.182331,0.030075,1,0,3352,3352,3277,0,0,0,1,3718,1,3643,0,0,0,3085,0,11,0,10,0,784
3638,1375,11,0,1,27,1000,0,0,587,0.182331,0.030075,1,0,5067,5067,5029,0,0,0,1,3676,1,3638,0,0,0,1375,0,10,0,10,0,729
3733,2288,16,1,1,28,11750,0,0,588,0.182331,0.030075,1,0,4059,4059,4016,1,0,9.66466,1,3776,0,3733,0,9000,1,2288,0,6,1,4,0,784
3725,2616,9,1,1,44,21250,0,1,589,0.182331,0.030075,1,0,3739,3739,3739,1,0,0,1,3725,0,3725,0,0,0,2616,0,29,0,23,0,1936
3630,875,16,0,1,25,9500,0,1,590,0.182331,0.030075,1,0,5575,5425,5417,1,0,8.817446,0,3788,0,3780,0,8400,1,875,0,3,0,3,0,625
3628,0,7,1,0,58,4500,0,1,591,0.182331,0.030075,0,0,6452,6452,6452,0,0,0,0,3628,0,3628,1,0,0,0,0,45,0,0,0,3364
3628,1013,16,0,1,28,0,0,0,592,0.182331,0.030075,1,0,5439,5359,5134,1,0,0,0,3933,0,3708,0,0,0,1013,0,6,0,4,0,784
3800,1925,5,0,1,52,0,0,1,593,0.182331,0.030075,1,0,4355,4120,4120,0,0,0,1,4035,0,4035,0,0,0,1925,0,41,0,22,0,2704
3615,2443,16,0,0,27,6750,0,0,594,0.182331,0.030075,1,0,4022,4022,3972,0,0,8.517393,1,3665,0,3615,1,0,0,2443,0,5,0,0,0,729
3600,2163,12,1,1,42,5500,0,0,595,0.182331,0.030075,1,0,4317,4227,4227,1,0,9.811976,1,3690,0,3690,0,5000,1,2163,0,24,0,24,0,1764
3598,2376,14,1,1,56,11750,0,1,596,0.182331,0.030075,1,0,4106,4106,4106,1,0,8.853808,1,3598,0,3598,0,0,0,2376,0,36,0,0,0,3136
1740,2909,16,1,1,50,0,0,0,597,0.182331,0.030075,1,0,5431,5386,5386,1,0,10.65728,0,1785,0,1785,0,0,0,2909,0,28,0,23,0,2500
3583,2508,12,1,1,64,42500,0,0,598,0.182331,0.030075,0,0,3989,3866,3846,0,0,0,1,3726,1,3706,1,0,0,2508,0,46,0,41,0,4096
3580,3166,12,1,1,44,0,0,0,599,0.182331,0.030075,1,0,3334,3334,3296,0,0,9.259226,1,3618,1,3580,1,0,0,3166,0,26,0,17,0,1936
2700,2206,14,0,1,33,0,0,0,600,0.182331,0.030075,1,0,5174,5174,5174,1,0,0,0,2700,0,2700,0,0,0,2206,0,13,0,4,0,1089
3565,2150,8,0,1,44,9500,0,0,601,0.182331,0.030075,1,0,4365,4115,4040,0,0,8.35491,1,3890,0,3815,0,4500,1,2150,0,30,0,28,0,1936
3550,2455,16,1,0,24,3500,0,0,602,0.182331,0.030075,1,0,4075,4075,4075,0,0,7.601402,1,3550,0,3550,1,0,0,2455,0,2,0,0,0,576
3548,113,12,0,1,32,0,0,0,603,0.182331,0.030075,1,0,6419,6194,6194,0,0,9.159152,1,3773,1,3773,0,0,0,113,0,14,0,0,0,1024
3543,1088,8,0,1,35,42500,0,0,604,0.182331,0.030075,1,0,5449,5449,5449,1,0,0,1,3543,1,3543,0,50000,1,1088,0,21,0,7,0,1225
3538,2388,14,1,1,54,6750,0,0,605,0.182331,0.030075,1,0,4154,3771,3756,1,0,9.392745,1,3936,0,3921,0,0,0,2388,0,34,0,30,0,2916
3530,4805,12,1,1,37,42500,0,0,606,0.182331,0.030075,1,0,1745,1745,1745,0,0,0,1,3530,1,3530,0,8000,1,4805,0,19,0,0,0,1369
3525,1933,16,1,1,28,0,0,0,607,0.182331,0.030075,1,0,4622,4622,4584,1,0,0,0,3563,0,3525,0,0,0,1873,60,6,0,4,0,784
3525,1950,5,0,1,51,0,0,0,608,0.182331,0.030075,1,0,4605,4570,4495,0,0,8.160804,1,3635,0,3560,1,0,0,1950,0,40,0,35,0,2601
3523,1971,17,1,1,54,16250,0,1,609,0.182331,0.030075,1,0,4586,4586,4556,1,0,7.824446,1,3553,0,3523,0,0,0,1971,0,31,0,0,0,2916
3950,500,12,1,1,32,11750,0,1,610,0.182331,0.030075,1,0,5630,5630,4955,0,0,9.94035,0,4625,0,3950,0,0,0,500,0,14,0,9,0,1024
4420,2450,10,1,1,38,0,0,0,611,0.182331,0.030075,1,0,3210,3210,3210,0,0,9.371694,1,4420,0,4420,0,0,0,2450,0,22,0,19,0,1444
3871,2050,16,1,0,46,42500,0,0,612,0.182331,0.030075,1,0,4159,4039,4039,1,0,0,1,3991,1,3991,0,0,0,2050,0,24,0,0,0,2116
3503,950,12,0,1,26,4500,0,1,613,0.182331,0.030075,0,0,5627,5589,5589,0,0,8.699681,1,3541,0,3541,0,7000,1,950,0,8,0,0,0,676
3498,1015,12,1,1,59,6750,0,0,614,0.182331,0.030075,1,0,5567,5341,5141,0,0,9.741028,1,3924,0,3724,0,6600,1,1013,2,41,0,37,0,3481
3488,1715,8,1,1,50,0,0,0,615,0.182331,0.030075,1,0,4877,4184,4184,0,0,0,1,4181,0,4181,0,0,0,1715,0,36,0,31,0,2500
3480,1113,12,0,0,28,13750,0,0,616,0.182331,0.030075,1,0,5487,4962,4722,1,0,0,1,4245,1,4005,1,0,0,1113,0,10,0,0,0,784
3478,1200,12,1,1,57,0,0,0,617,0.182331,0.030075,1,0,5402,5402,5202,0,0,9.69591,0,3678,0,3478,0,0,0,1200,0,39,0,36,0,3249
3468,2871,16,1,1,26,9500,0,1,618,0.182331,0.030075,1,0,3741,3741,3741,1,0,8.817446,0,3468,0,3468,0,10700,1,2871,0,4,0,3,0,676
3460,2250,9,0,1,56,0,0,0,619,0.182331,0.030075,0,0,4370,4370,4370,0,0,8.817446,1,3460,0,3460,1,0,0,2250,0,41,0,30,0,3136
3455,2828,16,0,1,31,11750,0,0,620,0.182331,0.030075,1,0,3797,3739,3739,0,0,9.159152,0,3513,0,3513,0,0,0,2828,0,9,0,3,0,961
1546,3316,12,0,1,36,9500,0,0,621,0.182331,0.030075,1,0,5218,5188,5188,0,0,8.35491,1,1576,0,1576,0,0,0,3316,0,18,0,20,0,1296
3435,0,12,0,0,53,3500,0,0,622,0.182331,0.030075,0,0,6645,6645,6645,1,0,8.46611,0,3435,0,3435,0,0,0,0,0,35,0,0,0,2809
3433,745,8,1,1,63,0,0,0,623,0.182331,0.030075,0,0,5902,5887,5887,0,0,10.38903,1,3448,1,3448,0,0,0,745,0,49,0,43,0,3969
755,2663,12,0,0,23,5500,0,0,624,0.182331,0.030075,1,0,6662,6082,6037,0,0,0,1,1380,0,1335,0,0,0,2588,75,5,0,0,0,529
3423,3338,16,1,1,35,9500,0,0,625,0.182331,0.030075,1,0,3319,3319,3319,0,0,9.371694,1,3423,0,3423,0,0,0,3338,0,13,0,14,0,1225
3423,1588,8,1,1,61,42500,0,0,626,0.182331,0.030075,1,0,5069,5009,4916,1,0,0,1,3576,1,3483,0,35000,1,1588,0,47,0,7,0,3721
3420,830,17,0,0,32,13750,0,0,627,0.182331,0.030075,1,0,5830,5355,5310,0,0,8.922792,1,3940,0,3895,0,0,0,830,0,9,0,0,0,1024
2793,1273,16,1,1,43,42500,0,1,628,0.182331,0.030075,1,0,6014,5924,5819,1,0,0,1,2988,1,2883,0,12000,1,1273,0,21,0,0,0,1849
3405,2145,13,0,1,43,10500,0,1,629,0.182331,0.030075,1,0,4530,3788,3788,0,0,9.741028,1,4147,0,4147,0,0,0,2145,0,24,0,0,0,1849
3405,1875,5,1,1,55,0,0,0,630,0.182331,0.030075,1,0,4800,4800,4800,0,0,8.160804,1,3405,0,3405,1,0,0,1875,0,44,0,35,0,3025
3395,1988,17,1,1,32,16250,0,0,631,0.182331,0.030075,1,0,4697,4697,4697,1,0,10.17546,0,3395,1,3395,0,22000,1,1988,0,9,0,9,0,1024
3391,2895,12,1,1,50,5500,0,0,632,0.182331,0.030075,1,0,3794,3708,3708,1,0,9.66466,1,3477,0,3477,0,1300,1,2895,0,32,0,18,0,2500
3390,583,12,0,1,52,9500,0,0,633,0.182331,0.030075,1,0,6107,6107,5882,0,0,9.371694,1,3615,0,3390,0,9400,1,583,0,34,0,26,0,2704
3935,163,12,1,1,54,16250,0,0,634,0.182331,0.030075,1,0,5982,5757,5757,1,0,0,0,4160,0,4160,0,0,0,163,0,36,0,29,0,2916
3375,2905,12,1,1,40,8250,0,1,635,0.182331,0.030075,1,0,3800,3515,3497,0,0,0,1,3678,0,3660,0,0,0,2905,0,22,0,18,0,1600
3360,3135,11,0,0,49,6750,0,0,636,0.182331,0.030075,0,0,3585,3450,3450,0,0,0,1,3495,0,3495,0,0,0,3135,0,32,0,0,0,2401
3360,3075,10,1,1,50,0,1,0,637,0.182331,0.030075,1,0,3645,3645,3645,0,0,8.612685,1,3360,1,3360,0,0,0,3075,0,34,0,26,0,2500
3355,0,10,1,1,24,10500,1,1,638,0.182331,0.030075,0,0,6725,6425,6285,1,0,0,0,3795,0,3655,0,9000,1,0,0,8,1,9,0,576
2655,2688,13,1,0,25,5500,0,1,639,0.182331,0.030075,1,0,4737,4737,4737,1,0,0,0,2655,0,2655,0,2000,1,2613,75,6,0,0,0,625
3338,2263,12,1,1,44,0,0,0,640,0.182331,0.030075,1,0,4479,4479,4479,1,0,9.839003,0,3338,0,3338,0,0,0,2263,0,26,0,16,0,1936
3338,2588,12,1,1,42,3500,0,0,641,0.182331,0.030075,1,0,4154,4154,4154,0,0,9.23513,1,3338,0,3338,0,4000,1,2588,0,24,0,17,0,1764
3330,3148,12,1,1,37,1000,0,0,642,0.182331,0.030075,1,0,3602,3602,3555,0,0,10.18494,0,3377,1,3330,0,0,0,3148,0,19,0,18,0,1369
3326,2468,17,1,1,46,13750,1,1,643,0.182331,0.030075,1,0,4286,4286,4286,0,0,9.528867,1,3326,0,3326,0,14000,1,2468,0,23,0,22,0,2116
3315,1525,10,1,1,29,4500,0,0,644,0.182331,0.030075,1,0,5240,4905,4755,0,0,8.699681,1,3800,1,3650,0,5980,1,1150,375,13,0,0,0,841
3315,2948,12,1,1,35,23750,0,0,645,0.182331,0.030075,1,0,3817,3817,3817,1,0,0,0,3315,1,3315,0,0,0,2948,0,17,0,12,0,1225
3310,0,12,0,1,25,0,0,0,646,0.182331,0.030075,1,0,6770,6732,6622,0,0,9.018089,1,3458,1,3348,0,12000,1,0,0,7,0,10,0,625
3310,2826,12,1,1,49,0,1,0,647,0.182331,0.030075,1,0,3944,3749,3749,0,0,9.964159,1,3505,0,3505,0,0,0,2826,0,31,0,9,0,2401
3308,2326,12,1,1,45,11750,0,1,648,0.182331,0.030075,1,0,4446,4311,4311,0,0,8.412055,1,3443,0,3443,0,0,0,2326,0,27,0,10,0,2025
3308,2820,17,1,1,25,8250,0,1,649,0.182331,0.030075,1,0,3952,3952,3952,0,0,0,1,3308,0,3308,0,8250,1,2820,0,2,0,0,0,625
3295,2513,12,1,1,57,0,1,0,650,0.182331,0.030075,1,0,4272,4205,3817,0,0,0,0,3750,0,3362,0,0,0,2513,0,39,0,32,0,3249
3295,3171,12,1,1,35,0,0,0,651,0.182331,0.030075,1,0,3614,3614,3389,0,0,0,0,3520,0,3295,1,0,0,3171,0,17,0,15,0,1225
3285,1325,17,0,1,31,5500,0,0,652,0.182331,0.030075,1,0,5470,5470,5440,0,0,9.018089,0,3315,0,3285,0,17000,1,1325,0,8,0,10,0,961
3285,2493,15,1,1,55,32500,0,0,653,0.182331,0.030075,1,0,4302,4302,4302,1,0,9.210441,1,3285,0,3285,0,0,0,2493,0,34,0,0,0,3025
3271,3441,16,0,0,24,0,0,0,654,0.182331,0.030075,1,0,3368,3368,3368,0,0,0,0,3271,0,3271,0,0,0,3441,0,2,0,0,0,576
3268,1238,8,1,1,58,0,0,0,655,0.182331,0.030075,1,0,5574,5574,5424,0,0,0,1,3418,0,3268,0,0,0,1238,0,44,0,36,0,3364
3261,2588,17,1,1,52,0,0,0,656,0.182331,0.030075,1,0,4231,4231,4176,1,0,0,0,3316,0,3261,0,0,0,2588,0,29,0,30,0,2704
3260,3590,17,1,1,33,5500,0,0,657,0.182331,0.030075,1,0,3230,3230,3192,0,0,9.018089,0,3298,1,3260,0,8400,1,3590,0,10,0,10,0,1089
3255,1548,11,0,1,39,0,0,0,658,0.182331,0.030075,1,0,5277,5277,5277,0,0,9.69591,1,3255,1,3255,0,12000,1,1548,0,22,0,22,0,1521
3248,3190,9,1,0,25,8250,0,0,659,0.182331,0.030075,1,0,3642,3522,3522,1,0,9.865318,1,3368,0,3368,0,0,0,3190,0,10,0,0,0,625
3236,2350,16,0,0,25,3500,0,0,660,0.182331,0.030075,1,0,4494,4081,4036,1,0,9.632401,0,3694,0,3649,0,0,0,2350,0,3,0,0,0,625
3235,0,16,0,1,30,11750,0,0,661,0.182331,0.030075,1,0,6845,6395,6260,1,0,9.66466,1,3820,0,3685,0,0,0,0,0,8,1,4,0,900
3230,2150,17,1,1,25,4500,0,0,662,0.182331,0.030075,1,0,4700,4660,4660,0,0,8.699681,0,3270,0,3270,1,5200,1,2150,0,2,0,2,0,625
3225,2535,16,1,1,42,0,0,0,663,0.182331,0.030075,1,0,4320,3007,3007,0,0,0,0,4538,1,4538,0,0,0,2535,0,20,0,18,0,1764
3225,638,12,1,1,35,1000,0,0,664,0.182331,0.030075,1,0,6217,6217,6202,1,0,9.632401,0,3240,1,3225,0,7600,1,638,0,17,0,16,0,1225
3225,2260,12,0,1,59,4500,0,0,665,0.182331,0.030075,0,0,4595,4043,3983,1,0,6.908755,1,3837,0,3777,0,0,0,2260,0,41,0,0,0,3481
3218,3275,12,1,1,42,42500,0,0,666,0.182331,0.030075,1,0,3587,3587,3587,0,0,0,1,3218,1,3218,0,0,0,2085,1190,24,1,18,0,1764
3218,1013,12,0,1,59,6750,0,0,667,0.182331,0.030075,1,0,5849,5849,5824,0,0,9.741028,1,3243,0,3218,0,12600,1,1013,0,41,0,37,0,3481
3210,2433,16,1,1,32,21250,0,0,668,0.182331,0.030075,1,0,4437,4437,4357,0,0,0,1,3290,0,3210,0,0,0,2433,0,10,0,10,0,1024
3203,2450,17,1,0,49,0,0,0,669,0.182331,0.030075,1,0,4427,4427,3992,1,0,0,1,3638,0,3203,0,0,0,2450,0,26,0,0,0,2401
3201,2298,14,1,1,54,8250,0,0,670,0.182331,0.030075,1,0,4581,4461,4321,1,0,9.865318,1,3461,0,3321,0,9000,1,2298,0,34,0,32,0,2916
3200,2363,9,1,1,58,1000,0,0,671,0.182331,0.030075,1,0,4517,4517,4517,0,0,9.282754,1,3200,0,3200,0,0,0,2363,0,43,0,39,0,3364
3195,1578,14,1,1,38,0,0,1,672,0.182331,0.030075,1,0,5307,5307,5267,1,0,0,1,3235,0,3195,0,0,0,1578,0,18,0,0,0,1444
3190,2500,8,0,1,50,0,0,0,673,0.182331,0.030075,1,0,4390,4330,4330,0,0,0,1,3250,0,3250,0,0,0,2500,0,36,0,31,0,2500
3188,2526,17,0,1,46,13750,0,1,674,0.182331,0.030075,1,0,4366,4316,4316,0,0,9.528867,1,3238,0,3238,0,14500,1,2526,0,23,0,22,0,2116
3188,2538,12,1,1,38,0,0,0,675,0.182331,0.030075,1,0,4354,4354,4309,1,0,0,0,3233,1,3188,0,0,0,2538,0,20,0,17,0,1444
3181,2393,12,1,1,39,0,0,0,676,0.182331,0.030075,1,0,4506,4506,4446,1,0,0,0,3241,0,3181,0,0,0,2393,0,21,1,12,0,1521
3176,2163,17,0,1,31,16250,0,0,677,0.182331,0.030075,1,0,4741,4741,4491,1,0,10.17546,0,3426,0,3176,0,20000,1,2163,0,8,0,9,0,961
3175,3481,13,1,1,42,0,0,1,678,0.182331,0.030075,1,0,3424,3424,3409,0,0,9.964159,1,3190,0,3175,0,0,0,3481,0,23,0,19,0,1764
3165,2163,16,1,1,30,13750,0,0,679,0.182331,0.030075,1,0,4752,4617,4197,1,0,9.210441,0,3720,0,3300,0,9000,1,2163,0,8,0,5,0,900
3390,3421,16,1,0,27,10500,0,0,680,0.182331,0.030075,0,0,3269,3269,3269,0,0,8.657129,1,3390,1,3390,0,0,0,3338,83,5,0,0,0,729
3630,2300,14,1,1,54,0,0,0,681,0.182331,0.030075,1,0,4150,4150,4150,1,0,10.65728,1,3630,0,3630,0,0,0,2300,0,34,0,33,0,2916
3150,1188,17,1,1,64,42500,0,0,682,0.182331,0.030075,1,0,5742,5622,5622,1,0,0,0,3270,0,3270,0,0,0,1188,0,41,0,36,0,4096
3140,2666,9,1,1,43,42500,0,1,683,0.182331,0.030075,1,0,4274,4274,4224,1,0,0,0,3190,1,3140,0,10000,1,2666,0,28,0,0,0,1849
3135,1538,12,1,1,29,8250,0,0,684,0.182331,0.030075,1,0,5407,5264,5264,0,0,9.259226,0,3278,0,3278,0,7500,1,1538,0,11,0,5,0,841
3615,1888,12,1,1,34,16250,0,0,685,0.182331,0.030075,1,0,4577,4577,4539,0,0,0,1,3653,0,3615,0,0,0,1888,0,16,1,2,0,1156
3110,0,16,0,1,23,42500,0,0,686,0.182331,0.030075,1,0,6970,6895,6895,0,0,0,1,3185,0,3185,0,0,0,0,0,1,1,5,0,529
3095,2293,15,1,0,31,1000,0,0,687,0.182331,0.030075,1,0,4692,4692,4594,1,0,0,0,3193,0,3095,0,0,0,2293,0,10,0,0,0,961
3090,538,13,0,1,44,1000,0,0,688,0.182331,0.030075,1,0,6452,6043,5838,1,0,10.18494,1,3704,0,3499,0,30000,1,538,0,25,0,0,0,1936
3073,2351,17,1,1,57,16250,0,1,689,0.182331,0.030075,1,0,4656,4431,4431,1,0,9.328213,1,3298,0,3298,0,17500,1,2351,0,34,0,27,0,3249
3068,2373,12,0,0,31,10500,0,0,690,0.182331,0.030075,1,0,4639,4639,4489,1,0,9.282754,0,3218,0,3068,1,0,0,2373,0,13,0,0,0,961
3065,2148,14,0,1,23,8250,0,0,691,0.182331,0.030075,1,0,4867,4792,4569,0,0,7.71913,0,3363,0,3140,0,8500,1,2148,0,3,1,4,0,529
3573,2013,14,1,1,29,23750,0,0,692,0.182331,0.030075,1,0,4494,4494,4064,0,0,0,1,4003,0,3573,0,0,0,2013,0,9,0,2,0,841
3060,2603,12,1,1,50,2500,0,0,693,0.182331,0.030075,1,0,4417,4147,4147,0,0,9.328213,0,3330,0,3330,0,2500,1,2603,0,32,0,22,0,2500
3040,1510,12,0,0,25,3500,1,1,694,0.182331,0.030075,1,0,5530,4845,4845,1,0,0,1,3725,0,3725,0,0,0,1510,0,7,1,0,0,625
3028,2513,16,1,1,44,16250,0,0,695,0.182331,0.030075,1,0,4539,4451,4393,0,0,7.824446,1,3174,0,3116,0,0,0,2513,0,22,0,19,0,1936
3023,2418,16,1,1,29,16250,0,0,696,0.182331,0.030075,1,0,4639,4519,4519,0,0,9.328213,1,3143,0,3143,0,0,0,2418,0,7,1,5,0,841
3023,2281,16,0,1,36,9500,0,0,697,0.182331,0.030075,1,0,4776,4776,4776,0,0,9.371694,1,3023,0,3023,0,0,0,2281,0,14,0,14,0,1296
3015,1183,10,0,1,47,9500,0,1,698,0.182331,0.030075,1,0,5882,5747,5747,1,0,9.564583,0,3150,0,3150,0,0,0,1183,0,31,0,28,0,2209
3008,2275,10,0,1,52,0,0,0,699,0.182331,0.030075,0,0,4797,4632,4572,0,0,0,1,3233,0,3173,1,0,0,2275,0,36,0,29,0,2704
2993,2725,17,1,1,61,27500,0,0,700,0.182331,0.030075,1,0,4362,4362,4237,0,0,9.615872,0,3118,1,2993,0,0,0,2725,0,38,0,30,0,3721
2985,2388,16,0,0,32,10500,0,0,701,0.182331,0.030075,1,0,4707,4587,4512,1,0,9.282754,0,3180,0,3105,1,0,0,2388,0,10,0,0,0,1024
2985,2026,12,0,1,45,5500,0,0,702,0.182331,0.030075,1,0,5069,4669,4644,1,0,9.66466,1,3410,0,3385,0,16000,1,2026,0,27,0,18,0,2025
3520,675,10,1,1,34,2500,0,1,703,0.182331,0.030075,0,0,5885,5870,5870,0,0,0,0,3535,0,3535,0,0,0,465,210,18,0,4,0,1156
3510,1851,12,0,1,37,3500,0,0,704,0.182331,0.030075,1,0,4719,4719,4584,0,0,9.23513,1,3645,0,3510,0,12000,1,1851,0,19,0,17,0,1369
2970,1961,17,0,1,54,32500,0,1,705,0.182331,0.030075,1,0,5149,5119,5031,0,0,9.210441,1,3088,1,3000,1,35000,1,1481,480,31,0,22,0,2916
2970,2363,16,0,1,30,6750,0,0,706,0.182331,0.030075,1,0,4747,4302,4302,0,0,9.94035,0,3415,0,3415,1,0,0,2363,0,8,1,9,0,900
